{
  "__type__": "cc.SpriteFrame",
  "content": {
    "name": "bird_yellow_02",
    "atlas": "",
    "rect": {
      "x": 2,
      "y": 12,
      "width": 219,
      "height": 187
    },
    "offset": {
      "x": -3.5,
      "y": 3
    },
    "originalSize": {
      "width": 230,
      "height": 217
    },
    "rotated": false,
    "capInsets": [
      0,
      0,
      0,
      0
    ],
    "vertices": {
      "rawPosition": [
        -109.5,
        -93.5,
        0,
        109.5,
        -93.5,
        0,
        -109.5,
        93.5,
        0,
        109.5,
        93.5,
        0
      ],
      "indexes": [
        0,
        1,
        2,
        2,
        1,
        3
      ],
      "uv": [
        2,
        205,
        221,
        205,
        2,
        18,
        221,
        18
      ],
      "nuv": [
        0.008695652173913044,
        0.08294930875576037,
        0.9608695652173913,
        0.08294930875576037,
        0.008695652173913044,
        0.9447004608294931,
        0.9608695652173913,
        0.9447004608294931
      ],
      "minPos": {
        "x": -109.5,
        "y": -93.5,
        "z": 0
      },
      "maxPos": {
        "x": 109.5,
        "y": 93.5,
        "z": 0
      }
    },
    "texture": "b06ae1b3-494b-491a-abed-75c1c3a13e63@6c48a",
    "packable": true,
    "pixelsToUnit": 100,
    "pivot": {
      "x": 0.5,
      "y": 0.5
    },
    "meshType": 0
  }
}