{
  "__type__": "cc.SpriteFrame",
  "content": {
    "name": "Obstacles-Piller",
    "atlas": "",
    "rect": {
      "x": 0,
      "y": 0,
      "width": 180,
      "height": 619
    },
    "offset": {
      "x": 0,
      "y": 0
    },
    "originalSize": {
      "width": 180,
      "height": 619
    },
    "rotated": false,
    "capInsets": [
      0,
      0,
      0,
      0
    ],
    "vertices": {
      "rawPosition": [
        -90,
        -309.5,
        0,
        90,
        -309.5,
        0,
        -90,
        309.5,
        0,
        90,
        309.5,
        0
      ],
      "indexes": [
        0,
        1,
        2,
        2,
        1,
        3
      ],
      "uv": [
        0,
        619,
        180,
        619,
        0,
        0,
        180,
        0
      ],
      "nuv": [
        0,
        0,
        1,
        0,
        0,
        1,
        1,
        1
      ],
      "minPos": {
        "x": -90,
        "y": -309.5,
        "z": 0
      },
      "maxPos": {
        "x": 90,
        "y": 309.5,
        "z": 0
      }
    },
    "texture": "320a9e04-d1b9-4ec1-a4b7-42c16f91ae49@6c48a",
    "packable": true,
    "pixelsToUnit": 100,
    "pivot": {
      "x": 0.5,
      "y": 0.5
    },
    "meshType": 0
  }
}