{
  "__type__": "cc.SpriteFrame",
  "content": {
    "name": "bird_yellow_04",
    "atlas": "",
    "rect": {
      "x": 7,
      "y": 17,
      "width": 215,
      "height": 186
    },
    "offset": {
      "x": -0.5,
      "y": -1.5
    },
    "originalSize": {
      "width": 230,
      "height": 217
    },
    "rotated": false,
    "capInsets": [
      0,
      0,
      0,
      0
    ],
    "vertices": {
      "rawPosition": [
        -107.5,
        -93,
        0,
        107.5,
        -93,
        0,
        -107.5,
        93,
        0,
        107.5,
        93,
        0
      ],
      "indexes": [
        0,
        1,
        2,
        2,
        1,
        3
      ],
      "uv": [
        7,
        200,
        222,
        200,
        7,
        14,
        222,
        14
      ],
      "nuv": [
        0.030434782608695653,
        0.06451612903225806,
        0.9652173913043478,
        0.06451612903225806,
        0.030434782608695653,
        0.9216589861751152,
        0.9652173913043478,
        0.9216589861751152
      ],
      "minPos": {
        "x": -107.5,
        "y": -93,
        "z": 0
      },
      "maxPos": {
        "x": 107.5,
        "y": 93,
        "z": 0
      }
    },
    "texture": "1fb2ee27-a10e-4307-acc7-7e71157292bd@6c48a",
    "packable": true,
    "pixelsToUnit": 100,
    "pivot": {
      "x": 0.5,
      "y": 0.5
    },
    "meshType": 0
  }
}