{
  "__type__": "cc.SpriteFrame",
  "content": {
    "name": "bird_blue_01",
    "atlas": "",
    "rect": {
      "x": 2,
      "y": 2,
      "width": 284,
      "height": 209
    },
    "offset": {
      "x": 0.5,
      "y": 15.5
    },
    "originalSize": {
      "width": 287,
      "height": 244
    },
    "rotated": false,
    "capInsets": [
      0,
      0,
      0,
      0
    ],
    "vertices": {
      "rawPosition": [
        -142,
        -104.5,
        0,
        142,
        -104.5,
        0,
        -142,
        104.5,
        0,
        142,
        104.5,
        0
      ],
      "indexes": [
        0,
        1,
        2,
        2,
        1,
        3
      ],
      "uv": [
        2,
        242,
        286,
        242,
        2,
        33,
        286,
        33
      ],
      "nuv": [
        0.006968641114982578,
        0.13524590163934427,
        0.9965156794425087,
        0.13524590163934427,
        0.006968641114982578,
        0.9918032786885246,
        0.9965156794425087,
        0.9918032786885246
      ],
      "minPos": {
        "x": -142,
        "y": -104.5,
        "z": 0
      },
      "maxPos": {
        "x": 142,
        "y": 104.5,
        "z": 0
      }
    },
    "texture": "1ff622ef-91f0-41fd-82a0-e6120f3fd9b7@6c48a",
    "packable": true,
    "pixelsToUnit": 100,
    "pivot": {
      "x": 0.5,
      "y": 0.5
    },
    "meshType": 0
  }
}