{
  "__type__": "cc.SpriteFrame",
  "content": {
    "name": "skeleton-fly_04",
    "atlas": "",
    "rect": {
      "x": 15,
      "y": 16,
      "width": 171,
      "height": 152
    },
    "offset": {
      "x": 5.5,
      "y": 1.5
    },
    "originalSize": {
      "width": 190,
      "height": 187
    },
    "rotated": false,
    "capInsets": [
      0,
      0,
      0,
      0
    ],
    "vertices": {
      "rawPosition": [
        -85.5,
        -76,
        0,
        85.5,
        -76,
        0,
        -85.5,
        76,
        0,
        85.5,
        76,
        0
      ],
      "indexes": [
        0,
        1,
        2,
        2,
        1,
        3
      ],
      "uv": [
        15,
        171,
        186,
        171,
        15,
        19,
        186,
        19
      ],
      "nuv": [
        0.07894736842105263,
        0.10160427807486631,
        0.9789473684210527,
        0.10160427807486631,
        0.07894736842105263,
        0.9144385026737968,
        0.9789473684210527,
        0.9144385026737968
      ],
      "minPos": {
        "x": -85.5,
        "y": -76,
        "z": 0
      },
      "maxPos": {
        "x": 85.5,
        "y": 76,
        "z": 0
      }
    },
    "texture": "85442424-08d9-42d0-8c71-88ac077e5c87@6c48a",
    "packable": true,
    "pixelsToUnit": 100,
    "pivot": {
      "x": 0.5,
      "y": 0.5
    },
    "meshType": 0
  }
}