{
  "imports": {
    "cce:/internal/x/cc": "./chunks/93/93ba276ea7b26ffcdc433fab14afc1ed6f05647b.js",
    "cce:/internal/x/prerequisite-imports": "./chunks/6d/6d8fd2b0177941b032ddc0733af48a561fb60657.js",
    "file:///C:/ProgramData/cocos/editors/Creator/3.8.5/resources/resources/3d/engine/editor/assets/default_renderpipeline/builtin-dof-pass.ts": "./chunks/58/58736b97e6eaa1d43b32ca964d67346769e8222e.js",
    "file:///C:/ProgramData/cocos/editors/Creator/3.8.5/resources/resources/3d/engine/editor/assets/default_renderpipeline/builtin-pipeline-pass.ts": "./chunks/c8/c8027bab33604d0d04930552aaf3aff3408cfddb.js",
    "file:///C:/ProgramData/cocos/editors/Creator/3.8.5/resources/resources/3d/engine/editor/assets/default_renderpipeline/builtin-pipeline-settings.ts": "./chunks/b0/b0a2b616b355a47dcda11f2bba43a2d91debd27c.js",
    "file:///C:/ProgramData/cocos/editors/Creator/3.8.5/resources/resources/3d/engine/editor/assets/default_renderpipeline/builtin-pipeline-types.ts": "./chunks/57/5746e8c30047ffa32e3d4c41a4cd3e6251a29171.js",
    "file:///C:/ProgramData/cocos/editors/Creator/3.8.5/resources/resources/3d/engine/editor/assets/default_renderpipeline/builtin-pipeline.ts": "./chunks/f3/f3f54528bfcd10077eb00a2121ed5d1424412e76.js",
    "file:///C:/ProgramData/cocos/editors/Creator/3.8.5/resources/resources/3d/engine/editor/assets/tools/debug-view-runtime-control.ts": "./chunks/9c/9c012447265e6d10c1112a3c5718a72269253753.js",
    "file:///D:/Minhman/Cocos/Cocos_week2/assets/Scripts/ButtonGroup/ButtonGroup.ts": "./chunks/92/928873fe94301ff34cae2f400d59060e9adf6923.js",
    "file:///D:/Minhman/Cocos/Cocos_week2/assets/Scripts/Home/HomeCtr.ts": "./chunks/41/418ee398a78e76ed21da654f0bf9597cb79f6362.js",
    "file:///D:/Minhman/Cocos/Cocos_week2/assets/Scripts/Level/LevelCtrl.ts": "./chunks/7d/7dc28ce574f32d73c8510c0f2845249a6eaf3c69.js",
    "file:///D:/Minhman/Cocos/Cocos_week2/assets/Scripts/Play/Pipe.ts": "./chunks/51/51598647fcc0add7e7bc035ca6254bd262de4798.js",
    "file:///D:/Minhman/Cocos/Cocos_week2/assets/Scripts/Play/PipePool.ts": "./chunks/ae/aeaedc24f2bf558125405b79db26acfcad453e1c.js",
    "file:///D:/Minhman/Cocos/Cocos_week2/assets/Scripts/Play/PlayCtr.ts": "./chunks/df/df565eb4f48fd67a268929450f4debf4085f3e82.js",
    "file:///D:/Minhman/Cocos/Cocos_week2/assets/Scripts/Shopping/ShoppingCtr.ts": "./chunks/09/09960db772ec61f45802ad6389a211a704f290ab.js"
  },
  "scopes": {
    "./chunks/09/09960db772ec61f45802ad6389a211a704f290ab.js": {
      "cc": "./chunks/93/93ba276ea7b26ffcdc433fab14afc1ed6f05647b.js"
    },
    "./chunks/93/93ba276ea7b26ffcdc433fab14afc1ed6f05647b.js": {
      "__unresolved_0": "cce:/internal/x/cc-fu/base",
      "__unresolved_1": "cce:/internal/x/cc-fu/gfx-webgl",
      "__unresolved_10": "cce:/internal/x/cc-fu/ui",
      "__unresolved_11": "cce:/internal/x/cc-fu/particle",
      "__unresolved_12": "cce:/internal/x/cc-fu/particle-2d",
      "__unresolved_13": "cce:/internal/x/cc-fu/physics-framework",
      "__unresolved_14": "cce:/internal/x/cc-fu/physics-2d-framework",
      "__unresolved_15": "cce:/internal/x/cc-fu/physics-2d-box2d-wasm",
      "__unresolved_16": "cce:/internal/x/cc-fu/intersection-2d",
      "__unresolved_17": "cce:/internal/x/cc-fu/primitive",
      "__unresolved_18": "cce:/internal/x/cc-fu/profiler",
      "__unresolved_19": "cce:/internal/x/cc-fu/geometry-renderer",
      "__unresolved_2": "cce:/internal/x/cc-fu/gfx-webgl2",
      "__unresolved_20": "cce:/internal/x/cc-fu/audio",
      "__unresolved_21": "cce:/internal/x/cc-fu/video",
      "__unresolved_22": "cce:/internal/x/cc-fu/xr",
      "__unresolved_23": "cce:/internal/x/cc-fu/light-probe",
      "__unresolved_24": "cce:/internal/x/cc-fu/terrain",
      "__unresolved_25": "cce:/internal/x/cc-fu/webview",
      "__unresolved_26": "cce:/internal/x/cc-fu/tween",
      "__unresolved_27": "cce:/internal/x/cc-fu/tiled-map",
      "__unresolved_28": "cce:/internal/x/cc-fu/vendor-google",
      "__unresolved_29": "cce:/internal/x/cc-fu/spine",
      "__unresolved_3": "cce:/internal/x/cc-fu/gfx-empty",
      "__unresolved_30": "cce:/internal/x/cc-fu/dragon-bones",
      "__unresolved_31": "cce:/internal/x/cc-fu/custom-pipeline",
      "__unresolved_32": "cce:/internal/x/cc-fu/custom-pipeline-post-process",
      "__unresolved_33": "cce:/internal/x/cc-fu/legacy-pipeline",
      "__unresolved_4": "cce:/internal/x/cc-fu/gfx-webgpu",
      "__unresolved_5": "cce:/internal/x/cc-fu/3d",
      "__unresolved_6": "cce:/internal/x/cc-fu/animation",
      "__unresolved_7": "cce:/internal/x/cc-fu/skeletal-animation",
      "__unresolved_8": "cce:/internal/x/cc-fu/2d",
      "__unresolved_9": "cce:/internal/x/cc-fu/sorting"
    },
    "./chunks/df/df565eb4f48fd67a268929450f4debf4085f3e82.js": {
      "__unresolved_0": "./chunks/6a/6a5019a719a9014c047e67aa1cf34453ab8392ce.js",
      "__unresolved_1": "./chunks/92/928873fe94301ff34cae2f400d59060e9adf6923.js",
      "__unresolved_2": "./chunks/ae/aeaedc24f2bf558125405b79db26acfcad453e1c.js",
      "cc": "./chunks/93/93ba276ea7b26ffcdc433fab14afc1ed6f05647b.js"
    },
    "./chunks/ae/aeaedc24f2bf558125405b79db26acfcad453e1c.js": {
      "cc": "./chunks/93/93ba276ea7b26ffcdc433fab14afc1ed6f05647b.js"
    },
    "./chunks/92/928873fe94301ff34cae2f400d59060e9adf6923.js": {
      "cc": "./chunks/93/93ba276ea7b26ffcdc433fab14afc1ed6f05647b.js"
    },
    "./chunks/51/51598647fcc0add7e7bc035ca6254bd262de4798.js": {
      "__unresolved_0": "./chunks/6a/6a5019a719a9014c047e67aa1cf34453ab8392ce.js",
      "__unresolved_1": "./chunks/df/df565eb4f48fd67a268929450f4debf4085f3e82.js",
      "cc": "./chunks/93/93ba276ea7b26ffcdc433fab14afc1ed6f05647b.js"
    },
    "./chunks/7d/7dc28ce574f32d73c8510c0f2845249a6eaf3c69.js": {
      "cc": "./chunks/93/93ba276ea7b26ffcdc433fab14afc1ed6f05647b.js"
    },
    "./chunks/41/418ee398a78e76ed21da654f0bf9597cb79f6362.js": {
      "cc": "./chunks/93/93ba276ea7b26ffcdc433fab14afc1ed6f05647b.js"
    },
    "./chunks/9c/9c012447265e6d10c1112a3c5718a72269253753.js": {
      "cc": "./chunks/93/93ba276ea7b26ffcdc433fab14afc1ed6f05647b.js"
    },
    "./chunks/f3/f3f54528bfcd10077eb00a2121ed5d1424412e76.js": {
      "__unresolved_0": "./chunks/6a/6a5019a719a9014c047e67aa1cf34453ab8392ce.js",
      "__unresolved_1": "./chunks/57/5746e8c30047ffa32e3d4c41a4cd3e6251a29171.js",
      "cc": "./chunks/93/93ba276ea7b26ffcdc433fab14afc1ed6f05647b.js"
    },
    "./chunks/57/5746e8c30047ffa32e3d4c41a4cd3e6251a29171.js": {
      "cc": "./chunks/93/93ba276ea7b26ffcdc433fab14afc1ed6f05647b.js"
    },
    "./chunks/b0/b0a2b616b355a47dcda11f2bba43a2d91debd27c.js": {
      "__unresolved_0": "./chunks/6a/6a5019a719a9014c047e67aa1cf34453ab8392ce.js",
      "__unresolved_1": "./chunks/57/5746e8c30047ffa32e3d4c41a4cd3e6251a29171.js",
      "cc": "./chunks/93/93ba276ea7b26ffcdc433fab14afc1ed6f05647b.js"
    },
    "./chunks/c8/c8027bab33604d0d04930552aaf3aff3408cfddb.js": {
      "__unresolved_0": "./chunks/6a/6a5019a719a9014c047e67aa1cf34453ab8392ce.js",
      "__unresolved_1": "./chunks/b0/b0a2b616b355a47dcda11f2bba43a2d91debd27c.js",
      "cc": "./chunks/93/93ba276ea7b26ffcdc433fab14afc1ed6f05647b.js"
    },
    "./chunks/58/58736b97e6eaa1d43b32ca964d67346769e8222e.js": {
      "__unresolved_0": "./chunks/6a/6a5019a719a9014c047e67aa1cf34453ab8392ce.js",
      "__unresolved_1": "./chunks/b0/b0a2b616b355a47dcda11f2bba43a2d91debd27c.js",
      "__unresolved_2": "./chunks/c8/c8027bab33604d0d04930552aaf3aff3408cfddb.js",
      "__unresolved_3": "./chunks/f3/f3f54528bfcd10077eb00a2121ed5d1424412e76.js",
      "cc": "./chunks/93/93ba276ea7b26ffcdc433fab14afc1ed6f05647b.js"
    },
    "./chunks/6d/6d8fd2b0177941b032ddc0733af48a561fb60657.js": {
      "__unresolved_0": "./chunks/58/58736b97e6eaa1d43b32ca964d67346769e8222e.js",
      "__unresolved_1": "./chunks/c8/c8027bab33604d0d04930552aaf3aff3408cfddb.js",
      "__unresolved_10": "./chunks/ae/aeaedc24f2bf558125405b79db26acfcad453e1c.js",
      "__unresolved_11": "./chunks/df/df565eb4f48fd67a268929450f4debf4085f3e82.js",
      "__unresolved_12": "./chunks/09/09960db772ec61f45802ad6389a211a704f290ab.js",
      "__unresolved_2": "./chunks/b0/b0a2b616b355a47dcda11f2bba43a2d91debd27c.js",
      "__unresolved_3": "./chunks/57/5746e8c30047ffa32e3d4c41a4cd3e6251a29171.js",
      "__unresolved_4": "./chunks/f3/f3f54528bfcd10077eb00a2121ed5d1424412e76.js",
      "__unresolved_5": "./chunks/9c/9c012447265e6d10c1112a3c5718a72269253753.js",
      "__unresolved_6": "./chunks/92/928873fe94301ff34cae2f400d59060e9adf6923.js",
      "__unresolved_7": "./chunks/41/418ee398a78e76ed21da654f0bf9597cb79f6362.js",
      "__unresolved_8": "./chunks/7d/7dc28ce574f32d73c8510c0f2845249a6eaf3c69.js",
      "__unresolved_9": "./chunks/51/51598647fcc0add7e7bc035ca6254bd262de4798.js"
    }
  }
}