{
  "gizmos-infos": {
    "is2D": true,
    "is3DIcon": false,
    "iconSize": 2,
    "gridVisible": true,
    "gridColor": [
      166,
      166,
      166,
      255
    ],
    "transformToolName": "position",
    "pivot": "pivot",
    "coordinate": "local",
    "toolsVisibility3d": true
  },
  "__version__": "1.0.2",
  "builder": {},
  "snap-configs": {
    "position": {
      "x": 1,
      "y": 1,
      "z": 1
    },
    "rotation": 1,
    "scale": 1,
    "isPositionSnapEnabled": false,
    "isRotationSnapEnabled": false,
    "isScaleSnapEnabled": false
  },
  "rect-snap-configs": {
    "enableSnapping": true,
    "snapThreshold": 4
  },
  "camera-infos": {
    "1e743441-b589-4ea3-888b-adcd9994ff4f": {
      "position": {
        "x": 640,
        "y": 360,
        "z": 5000
      },
      "rotation": {
        "x": 0,
        "y": 0,
        "z": 0,
        "w": 1
      },
      "viewCenter": {
        "x": 0,
        "y": 0,
        "z": 0
      },
      "contentRect": {
        "x": 0,
        "y": 5.684341886080802e-14,
        "width": 777,
        "height": 437.0625
      },
      "scale": 0.60703125
    },
    "584ff065-555d-4f93-8622-ded28e90a55e": {
      "position": {
        "x": 640,
        "y": 360,
        "z": 5000
      },
      "rotation": {
        "x": 0,
        "y": 0,
        "z": 0,
        "w": 1
      },
      "viewCenter": {
        "x": 0,
        "y": 0,
        "z": 0
      },
      "contentRect": {
        "x": 0,
        "y": 5.684341886080802e-14,
        "width": 777,
        "height": 437.0625
      },
      "scale": 0.60703125
    },
    "d2d7c1d1-6244-46dd-ba6f-31debfe27199": {
      "position": {
        "x": 640,
        "y": 360,
        "z": 5000
      },
      "rotation": {
        "x": 0,
        "y": 0,
        "z": 0,
        "w": 1
      },
      "viewCenter": {
        "x": 0,
        "y": 0,
        "z": 0
      },
      "contentRect": {
        "x": 0,
        "y": 5.684341886080802e-14,
        "width": 777,
        "height": 437.0625
      },
      "scale": 0.60703125
    },
    "7edfbc02-b221-4674-a3e4-3264ec6bd029": {
      "position": {
        "x": 640,
        "y": 360,
        "z": 5000
      },
      "rotation": {
        "x": 0,
        "y": 0,
        "z": 0,
        "w": 1
      },
      "viewCenter": {
        "x": 0,
        "y": 0,
        "z": 0
      },
      "contentRect": {
        "x": 0,
        "y": 5.684341886080802e-14,
        "width": 777,
        "height": 437.0625
      },
      "scale": 0.60703125
    },
    "05cb07e6-c564-447d-b4ea-1f276174085e": {
      "position": {
        "x": 640,
        "y": 360,
        "z": 5000
      },
      "rotation": {
        "x": 0,
        "y": 0,
        "z": 0,
        "w": 1
      },
      "viewCenter": {
        "x": 0,
        "y": 0,
        "z": 0
      },
      "contentRect": {
        "x": -274.2857142857143,
        "y": -171.2741312741312,
        "width": 1110,
        "height": 646
      },
      "scale": 0.60703125
    },
    "90b89f1c-4932-4723-8042-c256f130f0b7": {
      "position": {
        "x": 749.4374047645698,
        "y": 326.6969637318677,
        "z": 5000
      },
      "rotation": {
        "x": 0,
        "y": 0,
        "z": 0,
        "w": 1
      },
      "viewCenter": {
        "x": 0,
        "y": 0,
        "z": 0
      },
      "contentRect": {
        "x": 326.8781919526629,
        "y": 55.1685921443456,
        "width": 775,
        "height": 498
      },
      "scale": 0.917031242607145
    },
    "40bf2251-5cae-4750-ae8b-c90e0d342a62": {
      "position": {
        "x": 724.6864764132426,
        "y": 283.10824956363865,
        "z": 5000
      },
      "rotation": {
        "x": 0,
        "y": 0,
        "z": 0,
        "w": 1
      },
      "viewCenter": {
        "x": 0,
        "y": 0,
        "z": 0
      },
      "contentRect": {
        "x": -47.40376745930597,
        "y": -213.02199746672167,
        "width": 775,
        "height": 498
      },
      "scale": 0.5018843368055378
    },
    "d7977b8c-a837-4ea6-8092-844db346a850": {
      "position": {
        "x": 387.5,
        "y": 248.99999999999997,
        "z": 5000
      },
      "rotation": {
        "x": 0,
        "y": 0,
        "z": 0,
        "w": 1
      },
      "viewCenter": {
        "x": 0,
        "y": 0,
        "z": 0
      },
      "contentRect": {
        "x": -166.07142857142856,
        "y": -106.7142857142857,
        "width": 775,
        "height": 498
      },
      "scale": 0.7000000000000001
    },
    "489e3cb7-9e65-4caf-84b2-f0f778d116b6": {
      "position": {
        "x": 1308.5486931120581,
        "y": 416.3775094741178,
        "z": 5000
      },
      "rotation": {
        "x": 0,
        "y": 0,
        "z": 0,
        "w": 1
      },
      "viewCenter": {
        "x": 0,
        "y": 0,
        "z": 0
      },
      "contentRect": {
        "x": -333.4716650015043,
        "y": -551.3457311655911,
        "width": 845,
        "height": 498
      },
      "scale": 0.2573049706188721
    },
    "d3754729-fc51-42c0-b67c-72daf551e180": {
      "position": {
        "x": 1126.0181160704035,
        "y": 510.97377182701797,
        "z": 5000
      },
      "rotation": {
        "x": 0,
        "y": 0,
        "z": 0,
        "w": 1
      },
      "viewCenter": {
        "x": 0,
        "y": 0,
        "z": 0
      },
      "contentRect": {
        "x": 368.6708851717352,
        "y": 97.4223233757715,
        "width": 912,
        "height": 498
      },
      "scale": 0.6021016270950253
    },
    "8a57f2e3-d435-4f37-ae06-10912a1519ff": {
      "position": {
        "x": 399.26835398156993,
        "y": 468.31160495222025,
        "z": 5000
      },
      "rotation": {
        "x": 0,
        "y": 0,
        "z": 0,
        "w": 1
      },
      "viewCenter": {
        "x": 0,
        "y": 0,
        "z": 0
      },
      "contentRect": {
        "x": -917.5248534573958,
        "y": -250.72679121510976,
        "width": 912,
        "height": 498
      },
      "scale": 0.34629583249967966
    },
    "e4b2026a-cdad-42d6-adaf-6361eca3bb34": {
      "position": {
        "x": 938.6972374120987,
        "y": 392.669508428636,
        "z": 5000
      },
      "rotation": {
        "x": 0,
        "y": 0,
        "z": 0,
        "w": 1
      },
      "viewCenter": {
        "x": 0,
        "y": 0,
        "z": 0
      },
      "contentRect": {
        "x": -480.55680363083405,
        "y": -433.31077131346734,
        "width": 1110,
        "height": 646
      },
      "scale": 0.39105049832527555
    },
    "dbc98e93-b1c9-41cf-88fe-e60e9df5ee3f": {
      "position": {
        "x": 537.7352856297595,
        "y": 450.4467944519671,
        "z": 5000
      },
      "rotation": {
        "x": 0,
        "y": 0,
        "z": 0,
        "w": 1
      },
      "viewCenter": {
        "x": 0,
        "y": 0,
        "z": 0
      },
      "contentRect": {
        "x": -323.8902125159033,
        "y": -51.00372068505829,
        "width": 1110,
        "height": 646
      },
      "scale": 0.6441313554374107
    },
    "faeca2c1-8f7e-456b-bc42-1e8e20ef6e0c": {
      "position": {
        "x": 710.7958192936378,
        "y": 325.87643967356354,
        "z": 5000
      },
      "rotation": {
        "x": 0,
        "y": 0,
        "z": 0,
        "w": 1
      },
      "viewCenter": {
        "x": 0,
        "y": 0,
        "z": 0
      },
      "contentRect": {
        "x": -335.19628722012936,
        "y": -266.33293877331954,
        "width": 1141,
        "height": 646
      },
      "scale": 0.5454152057623498
    },
    "612c919c-7601-4a4c-a1c2-4d169a49cfbe": {
      "position": {
        "x": 380.45550803586104,
        "y": 442.48153803916335,
        "z": 5000
      },
      "rotation": {
        "x": 0,
        "y": 0,
        "z": 0,
        "w": 1
      },
      "viewCenter": {
        "x": 0,
        "y": 0,
        "z": 0
      },
      "contentRect": {
        "x": -703.7461289675307,
        "y": -188.50427953217985,
        "width": 1110,
        "height": 646
      },
      "scale": 0.511897400869045
    },
    "615f7723-50a1-455b-892c-ac8feafd30c3": {
      "position": {
        "x": 440.3563617459888,
        "y": 914.019215489021,
        "z": 5000
      },
      "rotation": {
        "x": 0,
        "y": 0,
        "z": 0,
        "w": 1
      },
      "viewCenter": {
        "x": 0,
        "y": 0,
        "z": 0
      },
      "contentRect": {
        "x": -1125.7075986058173,
        "y": 27.360741880548808,
        "width": 1141,
        "height": 646
      },
      "scale": 0.3642890804228972
    },
    "570f202e-e798-4252-8553-59a9583a5551": {
      "position": {
        "x": 1468.5294117647059,
        "y": 1108.5714285714284,
        "z": 5000
      },
      "rotation": {
        "x": 0,
        "y": 0,
        "z": 0,
        "w": 1
      },
      "viewCenter": {
        "x": 0,
        "y": 0,
        "z": 0
      },
      "contentRect": {
        "x": 269.99999999999994,
        "y": 429.99999999999994,
        "width": 1141,
        "height": 646
      },
      "scale": 0.47600000000000003
    },
    "1bbe8913-fd0b-4709-b584-b1b067769c0c": {
      "position": {
        "x": 320,
        "y": 479.99999999999994,
        "z": 5000
      },
      "rotation": {
        "x": 0,
        "y": 0,
        "z": 0,
        "w": 1
      },
      "viewCenter": {
        "x": 0,
        "y": 0,
        "z": 0
      },
      "contentRect": {
        "x": -891.1455108359132,
        "y": -205.71428571428572,
        "width": 1141,
        "height": 646
      },
      "scale": 0.4710416666666667
    }
  },
  "camera-uuids": [
    "1e743441-b589-4ea3-888b-adcd9994ff4f",
    "584ff065-555d-4f93-8622-ded28e90a55e",
    "d2d7c1d1-6244-46dd-ba6f-31debfe27199",
    "7edfbc02-b221-4674-a3e4-3264ec6bd029",
    "05cb07e6-c564-447d-b4ea-1f276174085e",
    "90b89f1c-4932-4723-8042-c256f130f0b7",
    "40bf2251-5cae-4750-ae8b-c90e0d342a62",
    "d7977b8c-a837-4ea6-8092-844db346a850",
    "489e3cb7-9e65-4caf-84b2-f0f778d116b6",
    "d3754729-fc51-42c0-b67c-72daf551e180",
    "8a57f2e3-d435-4f37-ae06-10912a1519ff",
    "e4b2026a-cdad-42d6-adaf-6361eca3bb34",
    "dbc98e93-b1c9-41cf-88fe-e60e9df5ee3f",
    "faeca2c1-8f7e-456b-bc42-1e8e20ef6e0c",
    "612c919c-7601-4a4c-a1c2-4d169a49cfbe",
    "615f7723-50a1-455b-892c-ac8feafd30c3",
    "570f202e-e798-4252-8553-59a9583a5551",
    "1bbe8913-fd0b-4709-b584-b1b067769c0c"
  ],
  "camera": {
    "color": [
      48,
      48,
      48,
      255
    ],
    "fov": 45,
    "far": 10000,
    "near": 0.01,
    "wheelSpeed": 0.01,
    "wanderSpeed": 10,
    "enableAcceleration": true,
    "size": "__default_design__",
    "far2D": 10000,
    "near2D": 1,
    "wheelSpeed2D": 6,
    "iso": 0,
    "aperture": 19,
    "shutter": 7
  },
  "float-window": {
    "position": {
      "cc": {
        "Camera": {
          "dock": false,
          "top": null,
          "bottom": 10,
          "left": null,
          "right": 10
        }
      }
    }
  }
}
