{
  "__type__": "cc.SpriteFrame",
  "content": {
    "name": "Obstacles-Piller-up",
    "atlas": "",
    "rect": {
      "x": 5,
      "y": 0,
      "width": 158,
      "height": 887
    },
    "offset": {
      "x": -6,
      "y": 0
    },
    "originalSize": {
      "width": 180,
      "height": 887
    },
    "rotated": false,
    "capInsets": [
      0,
      0,
      0,
      0
    ],
    "vertices": {
      "rawPosition": [
        -79,
        -443.5,
        0,
        79,
        -443.5,
        0,
        -79,
        443.5,
        0,
        79,
        443.5,
        0
      ],
      "indexes": [
        0,
        1,
        2,
        2,
        1,
        3
      ],
      "uv": [
        5,
        887,
        163,
        887,
        5,
        0,
        163,
        0
      ],
      "nuv": [
        0.027777777777777776,
        0,
        0.9055555555555556,
        0,
        0.027777777777777776,
        1,
        0.9055555555555556,
        1
      ],
      "minPos": {
        "x": -79,
        "y": -443.5,
        "z": 0
      },
      "maxPos": {
        "x": 79,
        "y": 443.5,
        "z": 0
      }
    },
    "texture": "87d60856-218e-4286-8f18-719e5d9b1f4f@6c48a",
    "packable": true,
    "pixelsToUnit": 100,
    "pivot": {
      "x": 0.5,
      "y": 0.5
    },
    "meshType": 0
  }
}