{
  "__type__": "cc.SpriteFrame",
  "content": {
    "name": "skeleton-fly_01",
    "atlas": "",
    "rect": {
      "x": 15,
      "y": 19,
      "width": 172,
      "height": 152
    },
    "offset": {
      "x": 6,
      "y": -1.5
    },
    "originalSize": {
      "width": 190,
      "height": 187
    },
    "rotated": false,
    "capInsets": [
      0,
      0,
      0,
      0
    ],
    "vertices": {
      "rawPosition": [
        -86,
        -76,
        0,
        86,
        -76,
        0,
        -86,
        76,
        0,
        86,
        76,
        0
      ],
      "indexes": [
        0,
        1,
        2,
        2,
        1,
        3
      ],
      "uv": [
        15,
        168,
        187,
        168,
        15,
        16,
        187,
        16
      ],
      "nuv": [
        0.07894736842105263,
        0.0855614973262032,
        0.9842105263157894,
        0.0855614973262032,
        0.07894736842105263,
        0.8983957219251337,
        0.9842105263157894,
        0.8983957219251337
      ],
      "minPos": {
        "x": -86,
        "y": -76,
        "z": 0
      },
      "maxPos": {
        "x": 86,
        "y": 76,
        "z": 0
      }
    },
    "texture": "b5674a28-6f96-4ef4-843e-e842bd5a4e6a@6c48a",
    "packable": true,
    "pixelsToUnit": 100,
    "pivot": {
      "x": 0.5,
      "y": 0.5
    },
    "meshType": 0
  }
}