{
  "__type__": "cc.SpriteFrame",
  "content": {
    "name": "Title",
    "atlas": "",
    "rect": {
      "x": 0,
      "y": 0,
      "width": 734,
      "height": 385
    },
    "offset": {
      "x": 0,
      "y": 0
    },
    "originalSize": {
      "width": 734,
      "height": 385
    },
    "rotated": false,
    "capInsets": [
      0,
      0,
      0,
      0
    ],
    "vertices": {
      "rawPosition": [
        -367,
        -192.5,
        0,
        367,
        -192.5,
        0,
        -367,
        192.5,
        0,
        367,
        192.5,
        0
      ],
      "indexes": [
        0,
        1,
        2,
        2,
        1,
        3
      ],
      "uv": [
        0,
        385,
        734,
        385,
        0,
        0,
        734,
        0
      ],
      "nuv": [
        0,
        0,
        1,
        0,
        0,
        1,
        1,
        1
      ],
      "minPos": {
        "x": -367,
        "y": -192.5,
        "z": 0
      },
      "maxPos": {
        "x": 367,
        "y": 192.5,
        "z": 0
      }
    },
    "texture": "45e4d6a8-5bc4-47a8-a688-0162b52d69ce@6c48a",
    "packable": true,
    "pixelsToUnit": 100,
    "pivot": {
      "x": 0.5,
      "y": 0.5
    },
    "meshType": 0
  }
}