{
  "1e743441-b589-4ea3-888b-adcd9994ff4f": {
    "assetUuid": "1e743441-b589-4ea3-888b-adcd9994ff4f",
    "animationUuid": "",
    "expandLevels": [
      "0"
    ]
  },
  "584ff065-555d-4f93-8622-ded28e90a55e": {
    "assetUuid": "584ff065-555d-4f93-8622-ded28e90a55e",
    "animationUuid": "",
    "expandLevels": [
      "0"
    ]
  },
  "d2d7c1d1-6244-46dd-ba6f-31debfe27199": {
    "assetUuid": "d2d7c1d1-6244-46dd-ba6f-31debfe27199",
    "animationUuid": "",
    "expandLevels": [
      "0",
      "0_0"
    ]
  },
  "7edfbc02-b221-4674-a3e4-3264ec6bd029": {
    "assetUuid": "7edfbc02-b221-4674-a3e4-3264ec6bd029",
    "animationUuid": "",
    "expandLevels": [
      "0",
      "0_0"
    ]
  },
  "05cb07e6-c564-447d-b4ea-1f276174085e": {
    "assetUuid": "05cb07e6-c564-447d-b4ea-1f276174085e",
    "animationUuid": "",
    "expandLevels": [
      "0"
    ]
  },
  "90b89f1c-4932-4723-8042-c256f130f0b7": {
    "assetUuid": "90b89f1c-4932-4723-8042-c256f130f0b7",
    "animationUuid": "",
    "expandLevels": [
      "0",
      "0_0"
    ]
  },
  "40bf2251-5cae-4750-ae8b-c90e0d342a62": {
    "assetUuid": "40bf2251-5cae-4750-ae8b-c90e0d342a62",
    "animationUuid": "",
    "expandLevels": [
      "0",
      "0_0",
      "0_0_1"
    ]
  },
  "d7977b8c-a837-4ea6-8092-844db346a850": {
    "assetUuid": "d7977b8c-a837-4ea6-8092-844db346a850",
    "animationUuid": "",
    "expandLevels": [
      "0",
      "0_0"
    ]
  },
  "489e3cb7-9e65-4caf-84b2-f0f778d116b6": {
    "assetUuid": "489e3cb7-9e65-4caf-84b2-f0f778d116b6",
    "animationUuid": "",
    "expandLevels": [
      "0",
      "0_0",
      "0_0_1"
    ]
  },
  "8a57f2e3-d435-4f37-ae06-10912a1519ff": {
    "assetUuid": "8a57f2e3-d435-4f37-ae06-10912a1519ff",
    "animationUuid": "",
    "expandLevels": [
      "0",
      "0_0"
    ]
  },
  "d3754729-fc51-42c0-b67c-72daf551e180": {
    "assetUuid": "d3754729-fc51-42c0-b67c-72daf551e180",
    "animationUuid": "",
    "expandLevels": [
      "0"
    ]
  },
  "faeca2c1-8f7e-456b-bc42-1e8e20ef6e0c": {
    "assetUuid": "faeca2c1-8f7e-456b-bc42-1e8e20ef6e0c",
    "animationUuid": "",
    "expandLevels": [
      "0",
      "0_0"
    ]
  },
  "e4b2026a-cdad-42d6-adaf-6361eca3bb34": {
    "assetUuid": "e4b2026a-cdad-42d6-adaf-6361eca3bb34",
    "animationUuid": "",
    "expandLevels": [
      "0",
      "0_0",
      "0_0_3",
      "0_0_5"
    ]
  },
  "dbc98e93-b1c9-41cf-88fe-e60e9df5ee3f": {
    "assetUuid": "dbc98e93-b1c9-41cf-88fe-e60e9df5ee3f",
    "animationUuid": "",
    "expandLevels": [
      "0",
      "0_0",
      "0_0_6",
      "0_0_6_1_0"
    ]
  },
  "612c919c-7601-4a4c-a1c2-4d169a49cfbe": {
    "assetUuid": "612c919c-7601-4a4c-a1c2-4d169a49cfbe",
    "animationUuid": "",
    "expandLevels": [
      "0",
      "0_0",
      "0_0_4"
    ]
  },
  "1bbe8913-fd0b-4709-b584-b1b067769c0c": {
    "assetUuid": "1bbe8913-fd0b-4709-b584-b1b067769c0c",
    "animationUuid": "",
    "expandLevels": [
      "0",
      "0_0",
      "0_0_0",
      "0_0_3",
      "0_0_4_6"
    ]
  },
  "615f7723-50a1-455b-892c-ac8feafd30c3": {
    "assetUuid": "615f7723-50a1-455b-892c-ac8feafd30c3",
    "animationUuid": "",
    "expandLevels": [
      "0"
    ]
  },
  "570f202e-e798-4252-8553-59a9583a5551": {
    "assetUuid": "570f202e-e798-4252-8553-59a9583a5551",
    "animationUuid": "",
    "expandLevels": [
      "0"
    ]
  },
  "e0ecc6ff-e547-4926-813f-d71750e0115e": {
    "assetUuid": "e0ecc6ff-e547-4926-813f-d71750e0115e",
    "animationUuid": "",
    "expandLevels": [
      "0"
    ]
  }
}
