{
  "95eee9ad-4475-4806-bf08-c0753fee32ff@6c48a": {
    "texture": {
      "mipfilter": "none"
    }
  },
  "bd0d8380-dbd7-47f3-ba38-fa880f259f96@6c48a": {
    "texture": {
      "mipfilter": "none"
    }
  },
  "45e4d6a8-5bc4-47a8-a688-0162b52d69ce@6c48a": {
    "texture": {
      "mipfilter": "none"
    }
  },
  "895230e5-830c-48d9-b51f-7f22508582d3@6c48a": {
    "texture": {
      "mipfilter": "none"
    }
  },
  "5aa39db9-1ecd-40ee-a423-cb09f99a3e66@6c48a": {
    "texture": {
      "mipfilter": "none"
    }
  },
  "3f0e232d-87ab-47c0-94a1-7903677f952a@6c48a": {
    "texture": {
      "mipfilter": "none"
    }
  },
  "87d60856-218e-4286-8f18-719e5d9b1f4f@6c48a": {
    "texture": {
      "mipfilter": "none"
    }
  },
  "320a9e04-d1b9-4ec1-a4b7-42c16f91ae49@6c48a": {
    "texture": {
      "mipfilter": "none"
    }
  }
}
