{
  "__type__": "cc.SpriteFrame",
  "content": {
    "name": "bird_blue_04",
    "atlas": "",
    "rect": {
      "x": 3,
      "y": 2,
      "width": 283,
      "height": 222
    },
    "offset": {
      "x": 1,
      "y": 9
    },
    "originalSize": {
      "width": 287,
      "height": 244
    },
    "rotated": false,
    "capInsets": [
      0,
      0,
      0,
      0
    ],
    "vertices": {
      "rawPosition": [
        -141.5,
        -111,
        0,
        141.5,
        -111,
        0,
        -141.5,
        111,
        0,
        141.5,
        111,
        0
      ],
      "indexes": [
        0,
        1,
        2,
        2,
        1,
        3
      ],
      "uv": [
        3,
        242,
        286,
        242,
        3,
        20,
        286,
        20
      ],
      "nuv": [
        0.010452961672473868,
        0.08196721311475409,
        0.9965156794425087,
        0.08196721311475409,
        0.010452961672473868,
        0.9918032786885246,
        0.9965156794425087,
        0.9918032786885246
      ],
      "minPos": {
        "x": -141.5,
        "y": -111,
        "z": 0
      },
      "maxPos": {
        "x": 141.5,
        "y": 111,
        "z": 0
      }
    },
    "texture": "3d162fdf-7f90-4c9a-bfbb-eb3af512b1df@6c48a",
    "packable": true,
    "pixelsToUnit": 100,
    "pivot": {
      "x": 0.5,
      "y": 0.5
    },
    "meshType": 0
  }
}