{
  "__type__": "cc.SpriteFrame",
  "content": {
    "name": "bird_yellow_03",
    "atlas": "",
    "rect": {
      "x": 4,
      "y": 1,
      "width": 216,
      "height": 188
    },
    "offset": {
      "x": -3,
      "y": 13.5
    },
    "originalSize": {
      "width": 230,
      "height": 217
    },
    "rotated": false,
    "capInsets": [
      0,
      0,
      0,
      0
    ],
    "vertices": {
      "rawPosition": [
        -108,
        -94,
        0,
        108,
        -94,
        0,
        -108,
        94,
        0,
        108,
        94,
        0
      ],
      "indexes": [
        0,
        1,
        2,
        2,
        1,
        3
      ],
      "uv": [
        4,
        216,
        220,
        216,
        4,
        28,
        220,
        28
      ],
      "nuv": [
        0.017391304347826087,
        0.12903225806451613,
        0.9565217391304348,
        0.12903225806451613,
        0.017391304347826087,
        0.9953917050691244,
        0.9565217391304348,
        0.9953917050691244
      ],
      "minPos": {
        "x": -108,
        "y": -94,
        "z": 0
      },
      "maxPos": {
        "x": 108,
        "y": 94,
        "z": 0
      }
    },
    "texture": "895230e5-830c-48d9-b51f-7f22508582d3@6c48a",
    "packable": true,
    "pixelsToUnit": 100,
    "pivot": {
      "x": 0.5,
      "y": 0.5
    },
    "meshType": 0
  }
}