{
  "__type__": "cc.SpriteFrame",
  "content": {
    "name": "skeleton-fly_05",
    "atlas": "",
    "rect": {
      "x": 15,
      "y": 16,
      "width": 167,
      "height": 152
    },
    "offset": {
      "x": 3.5,
      "y": 1.5
    },
    "originalSize": {
      "width": 190,
      "height": 187
    },
    "rotated": false,
    "capInsets": [
      0,
      0,
      0,
      0
    ],
    "vertices": {
      "rawPosition": [
        -83.5,
        -76,
        0,
        83.5,
        -76,
        0,
        -83.5,
        76,
        0,
        83.5,
        76,
        0
      ],
      "indexes": [
        0,
        1,
        2,
        2,
        1,
        3
      ],
      "uv": [
        15,
        171,
        182,
        171,
        15,
        19,
        182,
        19
      ],
      "nuv": [
        0.07894736842105263,
        0.10160427807486631,
        0.9578947368421052,
        0.10160427807486631,
        0.07894736842105263,
        0.9144385026737968,
        0.9578947368421052,
        0.9144385026737968
      ],
      "minPos": {
        "x": -83.5,
        "y": -76,
        "z": 0
      },
      "maxPos": {
        "x": 83.5,
        "y": 76,
        "z": 0
      }
    },
    "texture": "c5645819-53f3-47a6-b54d-68d70336ac93@6c48a",
    "packable": true,
    "pixelsToUnit": 100,
    "pivot": {
      "x": 0.5,
      "y": 0.5
    },
    "meshType": 0
  }
}