{
  "__type__": "cc.SpriteFrame",
  "content": {
    "name": "bird_yellow_01",
    "atlas": "",
    "rect": {
      "x": 2,
      "y": 20,
      "width": 219,
      "height": 189
    },
    "offset": {
      "x": -3.5,
      "y": -6
    },
    "originalSize": {
      "width": 230,
      "height": 217
    },
    "rotated": false,
    "capInsets": [
      0,
      0,
      0,
      0
    ],
    "vertices": {
      "rawPosition": [
        -109.5,
        -94.5,
        0,
        109.5,
        -94.5,
        0,
        -109.5,
        94.5,
        0,
        109.5,
        94.5,
        0
      ],
      "indexes": [
        0,
        1,
        2,
        2,
        1,
        3
      ],
      "uv": [
        2,
        197,
        221,
        197,
        2,
        8,
        221,
        8
      ],
      "nuv": [
        0.008695652173913044,
        0.03686635944700461,
        0.9608695652173913,
        0.03686635944700461,
        0.008695652173913044,
        0.9078341013824884,
        0.9608695652173913,
        0.9078341013824884
      ],
      "minPos": {
        "x": -109.5,
        "y": -94.5,
        "z": 0
      },
      "maxPos": {
        "x": 109.5,
        "y": 94.5,
        "z": 0
      }
    },
    "texture": "3f0e232d-87ab-47c0-94a1-7903677f952a@6c48a",
    "packable": true,
    "pixelsToUnit": 100,
    "pivot": {
      "x": 0.5,
      "y": 0.5
    },
    "meshType": 0
  }
}