{
  "__type__": "cc.SpriteFrame",
  "content": {
    "name": "Sky",
    "atlas": "",
    "rect": {
      "x": 0,
      "y": 0,
      "width": 2048,
      "height": 2732
    },
    "offset": {
      "x": 0,
      "y": 0
    },
    "originalSize": {
      "width": 2048,
      "height": 2732
    },
    "rotated": false,
    "capInsets": [
      0,
      0,
      0,
      0
    ],
    "vertices": {
      "rawPosition": [
        -1024,
        -1366,
        0,
        1024,
        -1366,
        0,
        -1024,
        1366,
        0,
        1024,
        1366,
        0
      ],
      "indexes": [
        0,
        1,
        2,
        2,
        1,
        3
      ],
      "uv": [
        0,
        2732,
        2048,
        2732,
        0,
        0,
        2048,
        0
      ],
      "nuv": [
        0,
        0,
        1,
        0,
        0,
        1,
        1,
        1
      ],
      "minPos": {
        "x": -1024,
        "y": -1366,
        "z": 0
      },
      "maxPos": {
        "x": 1024,
        "y": 1366,
        "z": 0
      }
    },
    "texture": "bd0d8380-dbd7-47f3-ba38-fa880f259f96@6c48a",
    "packable": true,
    "pixelsToUnit": 100,
    "pivot": {
      "x": 0.5,
      "y": 0.5
    },
    "meshType": 0
  }
}