{
  "cb77ee07-8556-467f-8362-280515199ad3": {
    "url": "db://assets/Animations",
    "value": {},
    "versionCode": 1
  },
  "92a38b24-e8bd-465b-a32c-d082a9380d1c": {
    "url": "db://assets/Scripts",
    "value": {},
    "versionCode": 1
  },
  "228b58a0-095d-4e93-95df-6996f2c82446": {
    "url": "db://assets/GameRes",
    "value": {},
    "versionCode": 1
  },
  "d6da9fc7-00f0-4a3c-b0c4-2fce8ff61368": {
    "url": "db://assets/GameRes/Audio",
    "value": {},
    "versionCode": 1
  },
  "78e9fa65-6440-4483-a84b-f5aefb83d820": {
    "url": "db://assets/GameRes/Background",
    "value": {},
    "versionCode": 1
  },
  "2622799a-c381-44a2-ae23-2ad4fd03c731": {
    "url": "db://assets/Prefab",
    "value": {},
    "versionCode": 1
  },
  "fef5b17f-edd6-47f3-8cb4-92c1d180f16a": {
    "url": "db://assets/Scenes",
    "value": {},
    "versionCode": 1
  },
  "1bfd3bbb-6293-45ab-af16-63a4cf6c094d": {
    "url": "db://assets/GameRes/Sky.png",
    "value": {},
    "versionCode": 1
  },
  "1bfd3bbb-6293-45ab-af16-63a4cf6c094d@6c48a": {
    "url": "db://assets/GameRes/Sky.png@6c48a",
    "value": {
      "depends": [
        "1bfd3bbb-6293-45ab-af16-63a4cf6c094d"
      ]
    },
    "versionCode": 1
  },
  "1bfd3bbb-6293-45ab-af16-63a4cf6c094d@f9941": {
    "url": "db://assets/GameRes/Sky.png@f9941",
    "value": {
      "depends": [
        "1bfd3bbb-6293-45ab-af16-63a4cf6c094d@6c48a"
      ]
    },
    "versionCode": 1
  },
  "9e19bcb1-da39-475e-a0e0-eb711231bd4f": {
    "url": "db://assets/GameRes/Bird",
    "value": {},
    "versionCode": 1
  },
  "95eee9ad-4475-4806-bf08-c0753fee32ff": {
    "url": "db://assets/GameRes/Bird/yello-bird.png",
    "value": {},
    "versionCode": 1
  },
  "95eee9ad-4475-4806-bf08-c0753fee32ff@6c48a": {
    "url": "db://assets/GameRes/Bird/yello-bird.png@6c48a",
    "value": {
      "depends": [
        "95eee9ad-4475-4806-bf08-c0753fee32ff"
      ]
    },
    "versionCode": 1
  },
  "95eee9ad-4475-4806-bf08-c0753fee32ff@f9941": {
    "url": "db://assets/GameRes/Bird/yello-bird.png@f9941",
    "value": {
      "depends": [
        "95eee9ad-4475-4806-bf08-c0753fee32ff@6c48a"
      ]
    },
    "versionCode": 1
  },
  "78112a60-8564-4890-9b95-41a015cd6913": {
    "url": "db://assets/Scripts/GameCtr.ts",
    "value": {},
    "versionCode": 1
  },
  "ed7880f2-4737-4510-98b4-3b00f6ae181c": {
    "url": "db://assets/Scripts/ItemTemplate.ts",
    "value": {},
    "versionCode": 1
  },
  "7cfe9959-8c7a-47c5-8c11-ee812e97d6b5": {
    "url": "db://assets/GameRes/Coin",
    "value": {},
    "versionCode": 1
  },
  "5ea41181-a86e-4214-86e1-c8d41bbae6f0": {
    "url": "db://assets/GameRes/Coin/coin_01.png",
    "value": {},
    "versionCode": 1
  },
  "5ea41181-a86e-4214-86e1-c8d41bbae6f0@6c48a": {
    "url": "db://assets/GameRes/Coin/coin_01.png@6c48a",
    "value": {
      "depends": [
        "5ea41181-a86e-4214-86e1-c8d41bbae6f0"
      ]
    },
    "versionCode": 1
  },
  "5ea41181-a86e-4214-86e1-c8d41bbae6f0@f9941": {
    "url": "db://assets/GameRes/Coin/coin_01.png@f9941",
    "value": {
      "depends": [
        "5ea41181-a86e-4214-86e1-c8d41bbae6f0@6c48a"
      ]
    },
    "versionCode": 1
  },
  "3f03d50f-8c81-4b05-8a1f-45267955d6f7": {
    "url": "db://assets/Scripts/ItemList.ts",
    "value": {},
    "versionCode": 1
  },
  "d85c8098-a9d6-4bfa-a9b4-19d9bdbc86fa": {
    "url": "db://assets/Scripts/ItemTemplate.ts",
    "value": {},
    "versionCode": 1
  },
  "60d678bb-9d7c-4df3-a577-8daf98043385": {
    "url": "db://assets/Prefab/Item.prefab",
    "value": {},
    "versionCode": 1
  },
  "6b133344-2b32-470c-bbab-dcda02aaf9df": {
    "url": "db://assets/Prefab/Item.prefab",
    "value": {},
    "versionCode": 1
  },
  "d3754729-fc51-42c0-b67c-72daf551e180": {
    "url": "db://assets/Prefab/Item.prefab",
    "value": {},
    "versionCode": 1
  },
  "3f0e232d-87ab-47c0-94a1-7903677f952a": {
    "url": "db://assets/GameRes/Bird/bird_yellow_01.png",
    "value": {
      "depends": []
    },
    "versionCode": 1
  },
  "3f0e232d-87ab-47c0-94a1-7903677f952a@6c48a": {
    "url": "db://assets/GameRes/Bird/bird_yellow_01.png@6c48a",
    "value": {
      "depends": [
        "3f0e232d-87ab-47c0-94a1-7903677f952a"
      ]
    },
    "versionCode": 1
  },
  "3f0e232d-87ab-47c0-94a1-7903677f952a@f9941": {
    "url": "db://assets/GameRes/Bird/bird_yellow_01.png@f9941",
    "value": {
      "depends": [
        "3f0e232d-87ab-47c0-94a1-7903677f952a@6c48a"
      ]
    },
    "versionCode": 1
  },
  "895230e5-830c-48d9-b51f-7f22508582d3": {
    "url": "db://assets/GameRes/Bird/bird_yellow_03.png",
    "value": {
      "depends": []
    },
    "versionCode": 1
  },
  "b06ae1b3-494b-491a-abed-75c1c3a13e63": {
    "url": "db://assets/GameRes/Bird/bird_yellow_02.png",
    "value": {
      "depends": []
    },
    "versionCode": 1
  },
  "1fb2ee27-a10e-4307-acc7-7e71157292bd": {
    "url": "db://assets/GameRes/Bird/bird_yellow_04.png",
    "value": {
      "depends": []
    },
    "versionCode": 1
  },
  "821a3b37-3a9c-40ae-b915-7c38d4025d7b": {
    "url": "db://assets/GameRes/Bird/bird_yellow_06.png",
    "value": {
      "depends": []
    },
    "versionCode": 1
  },
  "b852c301-c079-43f5-aa3f-9f4e46546a6d": {
    "url": "db://assets/GameRes/Bird/bird_yellow_05.png",
    "value": {
      "depends": []
    },
    "versionCode": 1
  },
  "895230e5-830c-48d9-b51f-7f22508582d3@6c48a": {
    "url": "db://assets/GameRes/Bird/bird_yellow_03.png@6c48a",
    "value": {
      "depends": [
        "895230e5-830c-48d9-b51f-7f22508582d3"
      ]
    },
    "versionCode": 1
  },
  "b06ae1b3-494b-491a-abed-75c1c3a13e63@6c48a": {
    "url": "db://assets/GameRes/Bird/bird_yellow_02.png@6c48a",
    "value": {
      "depends": [
        "b06ae1b3-494b-491a-abed-75c1c3a13e63"
      ]
    },
    "versionCode": 1
  },
  "b852c301-c079-43f5-aa3f-9f4e46546a6d@6c48a": {
    "url": "db://assets/GameRes/Bird/bird_yellow_05.png@6c48a",
    "value": {
      "depends": [
        "b852c301-c079-43f5-aa3f-9f4e46546a6d"
      ]
    },
    "versionCode": 1
  },
  "821a3b37-3a9c-40ae-b915-7c38d4025d7b@6c48a": {
    "url": "db://assets/GameRes/Bird/bird_yellow_06.png@6c48a",
    "value": {
      "depends": [
        "821a3b37-3a9c-40ae-b915-7c38d4025d7b"
      ]
    },
    "versionCode": 1
  },
  "1fb2ee27-a10e-4307-acc7-7e71157292bd@6c48a": {
    "url": "db://assets/GameRes/Bird/bird_yellow_04.png@6c48a",
    "value": {
      "depends": [
        "1fb2ee27-a10e-4307-acc7-7e71157292bd"
      ]
    },
    "versionCode": 1
  },
  "895230e5-830c-48d9-b51f-7f22508582d3@f9941": {
    "url": "db://assets/GameRes/Bird/bird_yellow_03.png@f9941",
    "value": {
      "depends": [
        "895230e5-830c-48d9-b51f-7f22508582d3@6c48a"
      ]
    },
    "versionCode": 1
  },
  "b06ae1b3-494b-491a-abed-75c1c3a13e63@f9941": {
    "url": "db://assets/GameRes/Bird/bird_yellow_02.png@f9941",
    "value": {
      "depends": [
        "b06ae1b3-494b-491a-abed-75c1c3a13e63@6c48a"
      ]
    },
    "versionCode": 1
  },
  "b852c301-c079-43f5-aa3f-9f4e46546a6d@f9941": {
    "url": "db://assets/GameRes/Bird/bird_yellow_05.png@f9941",
    "value": {
      "depends": [
        "b852c301-c079-43f5-aa3f-9f4e46546a6d@6c48a"
      ]
    },
    "versionCode": 1
  },
  "1fb2ee27-a10e-4307-acc7-7e71157292bd@f9941": {
    "url": "db://assets/GameRes/Bird/bird_yellow_04.png@f9941",
    "value": {
      "depends": [
        "1fb2ee27-a10e-4307-acc7-7e71157292bd@6c48a"
      ]
    },
    "versionCode": 1
  },
  "821a3b37-3a9c-40ae-b915-7c38d4025d7b@f9941": {
    "url": "db://assets/GameRes/Bird/bird_yellow_06.png@f9941",
    "value": {
      "depends": [
        "821a3b37-3a9c-40ae-b915-7c38d4025d7b@6c48a"
      ]
    },
    "versionCode": 1
  },
  "5aa39db9-1ecd-40ee-a423-cb09f99a3e66": {
    "url": "db://assets/GameRes/Bird/red-bird.png",
    "value": {
      "depends": []
    },
    "versionCode": 1
  },
  "5aa39db9-1ecd-40ee-a423-cb09f99a3e66@6c48a": {
    "url": "db://assets/GameRes/Bird/red-bird.png@6c48a",
    "value": {
      "depends": [
        "5aa39db9-1ecd-40ee-a423-cb09f99a3e66"
      ]
    },
    "versionCode": 1
  },
  "5aa39db9-1ecd-40ee-a423-cb09f99a3e66@f9941": {
    "url": "db://assets/GameRes/Bird/red-bird.png@f9941",
    "value": {
      "depends": [
        "5aa39db9-1ecd-40ee-a423-cb09f99a3e66@6c48a"
      ]
    },
    "versionCode": 1
  },
  "50595fd8-1a85-416b-aa31-b5a944d67232": {
    "url": "db://assets/GameRes/Bird/skeleton-fly_00.png",
    "value": {
      "depends": []
    },
    "versionCode": 1
  },
  "50595fd8-1a85-416b-aa31-b5a944d67232@6c48a": {
    "url": "db://assets/GameRes/Bird/skeleton-fly_00.png@6c48a",
    "value": {
      "depends": [
        "50595fd8-1a85-416b-aa31-b5a944d67232"
      ]
    },
    "versionCode": 1
  },
  "50595fd8-1a85-416b-aa31-b5a944d67232@f9941": {
    "url": "db://assets/GameRes/Bird/skeleton-fly_00.png@f9941",
    "value": {
      "depends": [
        "50595fd8-1a85-416b-aa31-b5a944d67232@6c48a"
      ]
    },
    "versionCode": 1
  },
  "a5ebd7ef-e0e0-4e4a-b866-ba1b8b5a8153": {
    "url": "db://assets/GameRes/Bird/skeleton-fly_02.png",
    "value": {
      "depends": []
    },
    "versionCode": 1
  },
  "8bb5ca20-96fd-4348-a586-051a5df57005": {
    "url": "db://assets/GameRes/Bird/skeleton-fly_03.png",
    "value": {
      "depends": []
    },
    "versionCode": 1
  },
  "a5ebd7ef-e0e0-4e4a-b866-ba1b8b5a8153@6c48a": {
    "url": "db://assets/GameRes/Bird/skeleton-fly_02.png@6c48a",
    "value": {
      "depends": [
        "a5ebd7ef-e0e0-4e4a-b866-ba1b8b5a8153"
      ]
    },
    "versionCode": 1
  },
  "a5ebd7ef-e0e0-4e4a-b866-ba1b8b5a8153@f9941": {
    "url": "db://assets/GameRes/Bird/skeleton-fly_02.png@f9941",
    "value": {
      "depends": [
        "a5ebd7ef-e0e0-4e4a-b866-ba1b8b5a8153@6c48a"
      ]
    },
    "versionCode": 1
  },
  "8bb5ca20-96fd-4348-a586-051a5df57005@6c48a": {
    "url": "db://assets/GameRes/Bird/skeleton-fly_03.png@6c48a",
    "value": {
      "depends": [
        "8bb5ca20-96fd-4348-a586-051a5df57005"
      ]
    },
    "versionCode": 1
  },
  "8bb5ca20-96fd-4348-a586-051a5df57005@f9941": {
    "url": "db://assets/GameRes/Bird/skeleton-fly_03.png@f9941",
    "value": {
      "depends": [
        "8bb5ca20-96fd-4348-a586-051a5df57005@6c48a"
      ]
    },
    "versionCode": 1
  },
  "b5674a28-6f96-4ef4-843e-e842bd5a4e6a": {
    "url": "db://assets/GameRes/Bird/skeleton-fly_01.png",
    "value": {
      "depends": []
    },
    "versionCode": 1
  },
  "85442424-08d9-42d0-8c71-88ac077e5c87": {
    "url": "db://assets/GameRes/Bird/skeleton-fly_04.png",
    "value": {
      "depends": []
    },
    "versionCode": 1
  },
  "c5645819-53f3-47a6-b54d-68d70336ac93": {
    "url": "db://assets/GameRes/Bird/skeleton-fly_05.png",
    "value": {
      "depends": []
    },
    "versionCode": 1
  },
  "b23d1a73-cc46-4056-b4c8-0d84be70fdb0": {
    "url": "db://assets/GameRes/Bird/skeleton-fly_06.png",
    "value": {
      "depends": []
    },
    "versionCode": 1
  },
  "fc338bab-217c-4000-b19e-de7ed2aadc98": {
    "url": "db://assets/GameRes/Bird/skeleton-fly_07.png",
    "value": {
      "depends": []
    },
    "versionCode": 1
  },
  "b5674a28-6f96-4ef4-843e-e842bd5a4e6a@6c48a": {
    "url": "db://assets/GameRes/Bird/skeleton-fly_01.png@6c48a",
    "value": {
      "depends": [
        "b5674a28-6f96-4ef4-843e-e842bd5a4e6a"
      ]
    },
    "versionCode": 1
  },
  "85442424-08d9-42d0-8c71-88ac077e5c87@6c48a": {
    "url": "db://assets/GameRes/Bird/skeleton-fly_04.png@6c48a",
    "value": {
      "depends": [
        "85442424-08d9-42d0-8c71-88ac077e5c87"
      ]
    },
    "versionCode": 1
  },
  "fc338bab-217c-4000-b19e-de7ed2aadc98@6c48a": {
    "url": "db://assets/GameRes/Bird/skeleton-fly_07.png@6c48a",
    "value": {
      "depends": [
        "fc338bab-217c-4000-b19e-de7ed2aadc98"
      ]
    },
    "versionCode": 1
  },
  "b23d1a73-cc46-4056-b4c8-0d84be70fdb0@6c48a": {
    "url": "db://assets/GameRes/Bird/skeleton-fly_06.png@6c48a",
    "value": {
      "depends": [
        "b23d1a73-cc46-4056-b4c8-0d84be70fdb0"
      ]
    },
    "versionCode": 1
  },
  "b5674a28-6f96-4ef4-843e-e842bd5a4e6a@f9941": {
    "url": "db://assets/GameRes/Bird/skeleton-fly_01.png@f9941",
    "value": {
      "depends": [
        "b5674a28-6f96-4ef4-843e-e842bd5a4e6a@6c48a"
      ]
    },
    "versionCode": 1
  },
  "9910b043-12f2-4a68-9f21-b8595271713c": {
    "url": "db://assets/GameRes/Bird/skeleton-fly_08.png",
    "value": {
      "depends": []
    },
    "versionCode": 1
  },
  "85442424-08d9-42d0-8c71-88ac077e5c87@f9941": {
    "url": "db://assets/GameRes/Bird/skeleton-fly_04.png@f9941",
    "value": {
      "depends": [
        "85442424-08d9-42d0-8c71-88ac077e5c87@6c48a"
      ]
    },
    "versionCode": 1
  },
  "41b83ef1-1bc3-4859-aaf6-b71dc60c59e5": {
    "url": "db://assets/GameRes/Bird/skeleton-fly_09.png",
    "value": {
      "depends": []
    },
    "versionCode": 1
  },
  "c5645819-53f3-47a6-b54d-68d70336ac93@6c48a": {
    "url": "db://assets/GameRes/Bird/skeleton-fly_05.png@6c48a",
    "value": {
      "depends": [
        "c5645819-53f3-47a6-b54d-68d70336ac93"
      ]
    },
    "versionCode": 1
  },
  "fc338bab-217c-4000-b19e-de7ed2aadc98@f9941": {
    "url": "db://assets/GameRes/Bird/skeleton-fly_07.png@f9941",
    "value": {
      "depends": [
        "fc338bab-217c-4000-b19e-de7ed2aadc98@6c48a"
      ]
    },
    "versionCode": 1
  },
  "f6ebe787-bd84-4841-bfc5-abbf77056106": {
    "url": "db://assets/GameRes/Bird/skeleton-fly_10.png",
    "value": {
      "depends": []
    },
    "versionCode": 1
  },
  "b23d1a73-cc46-4056-b4c8-0d84be70fdb0@f9941": {
    "url": "db://assets/GameRes/Bird/skeleton-fly_06.png@f9941",
    "value": {
      "depends": [
        "b23d1a73-cc46-4056-b4c8-0d84be70fdb0@6c48a"
      ]
    },
    "versionCode": 1
  },
  "9910b043-12f2-4a68-9f21-b8595271713c@6c48a": {
    "url": "db://assets/GameRes/Bird/skeleton-fly_08.png@6c48a",
    "value": {
      "depends": [
        "9910b043-12f2-4a68-9f21-b8595271713c"
      ]
    },
    "versionCode": 1
  },
  "c5645819-53f3-47a6-b54d-68d70336ac93@f9941": {
    "url": "db://assets/GameRes/Bird/skeleton-fly_05.png@f9941",
    "value": {
      "depends": [
        "c5645819-53f3-47a6-b54d-68d70336ac93@6c48a"
      ]
    },
    "versionCode": 1
  },
  "f6ebe787-bd84-4841-bfc5-abbf77056106@6c48a": {
    "url": "db://assets/GameRes/Bird/skeleton-fly_10.png@6c48a",
    "value": {
      "depends": [
        "f6ebe787-bd84-4841-bfc5-abbf77056106"
      ]
    },
    "versionCode": 1
  },
  "41b83ef1-1bc3-4859-aaf6-b71dc60c59e5@6c48a": {
    "url": "db://assets/GameRes/Bird/skeleton-fly_09.png@6c48a",
    "value": {
      "depends": [
        "41b83ef1-1bc3-4859-aaf6-b71dc60c59e5"
      ]
    },
    "versionCode": 1
  },
  "9910b043-12f2-4a68-9f21-b8595271713c@f9941": {
    "url": "db://assets/GameRes/Bird/skeleton-fly_08.png@f9941",
    "value": {
      "depends": [
        "9910b043-12f2-4a68-9f21-b8595271713c@6c48a"
      ]
    },
    "versionCode": 1
  },
  "f6ebe787-bd84-4841-bfc5-abbf77056106@f9941": {
    "url": "db://assets/GameRes/Bird/skeleton-fly_10.png@f9941",
    "value": {
      "depends": [
        "f6ebe787-bd84-4841-bfc5-abbf77056106@6c48a"
      ]
    },
    "versionCode": 1
  },
  "41b83ef1-1bc3-4859-aaf6-b71dc60c59e5@f9941": {
    "url": "db://assets/GameRes/Bird/skeleton-fly_09.png@f9941",
    "value": {
      "depends": [
        "41b83ef1-1bc3-4859-aaf6-b71dc60c59e5@6c48a"
      ]
    },
    "versionCode": 1
  },
  "bd0d8380-dbd7-47f3-ba38-fa880f259f96": {
    "url": "db://assets/GameRes/Background/Sky.png",
    "value": {
      "depends": []
    },
    "versionCode": 1
  },
  "bd0d8380-dbd7-47f3-ba38-fa880f259f96@6c48a": {
    "url": "db://assets/GameRes/Background/Sky.png@6c48a",
    "value": {
      "depends": [
        "bd0d8380-dbd7-47f3-ba38-fa880f259f96"
      ]
    },
    "versionCode": 1
  },
  "bd0d8380-dbd7-47f3-ba38-fa880f259f96@f9941": {
    "url": "db://assets/GameRes/Background/Sky.png@f9941",
    "value": {
      "depends": [
        "bd0d8380-dbd7-47f3-ba38-fa880f259f96@6c48a"
      ]
    },
    "versionCode": 1
  },
  "b21978ab-bf94-4062-87f6-a7e9e9ba64fe": {
    "url": "db://assets/GameRes/Title",
    "value": {},
    "versionCode": 1
  },
  "45e4d6a8-5bc4-47a8-a688-0162b52d69ce": {
    "url": "db://assets/GameRes/Title/Title.png",
    "value": {
      "depends": []
    },
    "versionCode": 1
  },
  "45e4d6a8-5bc4-47a8-a688-0162b52d69ce@6c48a": {
    "url": "db://assets/GameRes/Title/Title.png@6c48a",
    "value": {
      "depends": [
        "45e4d6a8-5bc4-47a8-a688-0162b52d69ce"
      ]
    },
    "versionCode": 1
  },
  "45e4d6a8-5bc4-47a8-a688-0162b52d69ce@f9941": {
    "url": "db://assets/GameRes/Title/Title.png@f9941",
    "value": {
      "depends": [
        "45e4d6a8-5bc4-47a8-a688-0162b52d69ce@6c48a"
      ]
    },
    "versionCode": 1
  },
  "1ff622ef-91f0-41fd-82a0-e6120f3fd9b7": {
    "url": "db://assets/GameRes/Bird/bird_blue_01.png",
    "value": {
      "depends": []
    },
    "versionCode": 1
  },
  "1ff622ef-91f0-41fd-82a0-e6120f3fd9b7@6c48a": {
    "url": "db://assets/GameRes/Bird/bird_blue_01.png@6c48a",
    "value": {
      "depends": [
        "1ff622ef-91f0-41fd-82a0-e6120f3fd9b7"
      ]
    },
    "versionCode": 1
  },
  "1ff622ef-91f0-41fd-82a0-e6120f3fd9b7@f9941": {
    "url": "db://assets/GameRes/Bird/bird_blue_01.png@f9941",
    "value": {
      "depends": [
        "1ff622ef-91f0-41fd-82a0-e6120f3fd9b7@6c48a"
      ]
    },
    "versionCode": 1
  },
  "3d162fdf-7f90-4c9a-bfbb-eb3af512b1df": {
    "url": "db://assets/GameRes/Bird/bird_blue_04.png",
    "value": {
      "depends": []
    },
    "versionCode": 1
  },
  "3d162fdf-7f90-4c9a-bfbb-eb3af512b1df@6c48a": {
    "url": "db://assets/GameRes/Bird/bird_blue_04.png@6c48a",
    "value": {
      "depends": [
        "3d162fdf-7f90-4c9a-bfbb-eb3af512b1df"
      ]
    },
    "versionCode": 1
  },
  "3d162fdf-7f90-4c9a-bfbb-eb3af512b1df@f9941": {
    "url": "db://assets/GameRes/Bird/bird_blue_04.png@f9941",
    "value": {
      "depends": [
        "3d162fdf-7f90-4c9a-bfbb-eb3af512b1df@6c48a"
      ]
    },
    "versionCode": 1
  },
  "d12ff478-838c-468b-bd7c-c2bed6faa5dc": {
    "url": "db://assets/GameRes/Bird/bird_blue_02.png",
    "value": {
      "depends": []
    },
    "versionCode": 1
  },
  "e2cb16c3-5bdc-4abe-9968-b9921e56ae4a": {
    "url": "db://assets/GameRes/Bird/bird_blue_03.png",
    "value": {
      "depends": []
    },
    "versionCode": 1
  },
  "d12ff478-838c-468b-bd7c-c2bed6faa5dc@6c48a": {
    "url": "db://assets/GameRes/Bird/bird_blue_02.png@6c48a",
    "value": {
      "depends": [
        "d12ff478-838c-468b-bd7c-c2bed6faa5dc"
      ]
    },
    "versionCode": 1
  },
  "e2cb16c3-5bdc-4abe-9968-b9921e56ae4a@6c48a": {
    "url": "db://assets/GameRes/Bird/bird_blue_03.png@6c48a",
    "value": {
      "depends": [
        "e2cb16c3-5bdc-4abe-9968-b9921e56ae4a"
      ]
    },
    "versionCode": 1
  },
  "d12ff478-838c-468b-bd7c-c2bed6faa5dc@f9941": {
    "url": "db://assets/GameRes/Bird/bird_blue_02.png@f9941",
    "value": {
      "depends": [
        "d12ff478-838c-468b-bd7c-c2bed6faa5dc@6c48a"
      ]
    },
    "versionCode": 1
  },
  "e2cb16c3-5bdc-4abe-9968-b9921e56ae4a@f9941": {
    "url": "db://assets/GameRes/Bird/bird_blue_03.png@f9941",
    "value": {
      "depends": [
        "e2cb16c3-5bdc-4abe-9968-b9921e56ae4a@6c48a"
      ]
    },
    "versionCode": 1
  },
  "d70dd3bb-d5ae-4580-a3db-8eedb54823a6": {
    "url": "db://assets/Scripts/ItemList.ts",
    "value": {},
    "versionCode": 1
  },
  "dffbee46-3867-4bcd-affc-779f6942fa97": {
    "url": "db://assets/Node.prefab",
    "value": {},
    "versionCode": 1
  },
  "25ccd09e-9647-4e9b-a7f6-5a3259f6afff": {
    "url": "db://assets/Scripts/ItemTemplate.ts",
    "value": {},
    "versionCode": 1
  },
  "4a15614e-ccdf-4405-8d55-4dd8157afa56": {
    "url": "db://assets/Prefab/Item.prefab",
    "value": {},
    "versionCode": 1
  },
  "e4b2026a-cdad-42d6-adaf-6361eca3bb34": {
    "url": "db://assets/Scenes/scene.scene",
    "value": {
      "depends": [
        "e4b2026a-cdad-42d6-adaf-6361eca3bb34",
        "20835ba4-6145-4fbc-a58a-051ce700aa3e@f9941",
        "544e49d6-3f05-4fa8-9a9e-091f98fc2ce8@f9941",
        "951249e0-9f16-456d-8b85-a6ca954da16b@f9941",
        "bd0d8380-dbd7-47f3-ba38-fa880f259f96@f9941",
        "45e4d6a8-5bc4-47a8-a688-0162b52d69ce@f9941",
        "895230e5-830c-48d9-b51f-7f22508582d3@f9941",
        "5aa39db9-1ecd-40ee-a423-cb09f99a3e66@f9941",
        "faeca2c1-8f7e-456b-bc42-1e8e20ef6e0c"
      ],
      "dependScripts": [
        "e6837ae7-3cfe-4a49-9e3f-f2c25e977928"
      ]
    },
    "versionCode": 1
  },
  "dbc98e93-b1c9-41cf-88fe-e60e9df5ee3f": {
    "url": "db://assets/Scenes/shopping.scene",
    "value": {
      "depends": [
        "dbc98e93-b1c9-41cf-88fe-e60e9df5ee3f",
        "20835ba4-6145-4fbc-a58a-051ce700aa3e@f9941",
        "544e49d6-3f05-4fa8-9a9e-091f98fc2ce8@f9941",
        "951249e0-9f16-456d-8b85-a6ca954da16b@f9941",
        "afc47931-f066-46b0-90be-9fe61f213428@f9941",
        "ffb88a8f-af62-48f4-8f1d-3cb606443a43@f9941",
        "3f0e232d-87ab-47c0-94a1-7903677f952a@f9941",
        "bd0d8380-dbd7-47f3-ba38-fa880f259f96@f9941",
        "895230e5-830c-48d9-b51f-7f22508582d3@f9941",
        "5aa39db9-1ecd-40ee-a423-cb09f99a3e66@f9941",
        "45e4d6a8-5bc4-47a8-a688-0162b52d69ce@f9941"
      ],
      "dependScripts": [
        "e4659568-aa85-4c9a-ba06-1a011d7f6b95"
      ]
    },
    "versionCode": 1
  },
  "612c919c-7601-4a4c-a1c2-4d169a49cfbe": {
    "url": "db://assets/Scenes/level.scene",
    "value": {
      "depends": [
        "612c919c-7601-4a4c-a1c2-4d169a49cfbe",
        "6db03265-0cf9-4a54-973b-ad3c886fff8b",
        "20835ba4-6145-4fbc-a58a-051ce700aa3e@f9941",
        "544e49d6-3f05-4fa8-9a9e-091f98fc2ce8@f9941",
        "951249e0-9f16-456d-8b85-a6ca954da16b@f9941",
        "bd0d8380-dbd7-47f3-ba38-fa880f259f96@f9941",
        "895230e5-830c-48d9-b51f-7f22508582d3@f9941",
        "5aa39db9-1ecd-40ee-a423-cb09f99a3e66@f9941",
        "45e4d6a8-5bc4-47a8-a688-0162b52d69ce@f9941"
      ],
      "dependScripts": [
        "1a13cc61-d330-4ea1-bbb1-de9edb81ad8d"
      ]
    },
    "versionCode": 1
  },
  "18ea8a40-f595-421a-bf96-c03149cb5812": {
    "url": "db://assets/Scripts/Home",
    "value": {},
    "versionCode": 1
  },
  "e6837ae7-3cfe-4a49-9e3f-f2c25e977928": {
    "url": "db://assets/Scripts/Home/HomeCtr.ts",
    "value": {},
    "versionCode": 1
  },
  "c72b7fac-a930-4289-8ec7-717e52e16c3a": {
    "url": "db://assets/Scripts/Shopping",
    "value": {},
    "versionCode": 1
  },
  "e4659568-aa85-4c9a-ba06-1a011d7f6b95": {
    "url": "db://assets/Scripts/Shopping/ShoppingCtr.ts",
    "value": {},
    "versionCode": 1
  },
  "bd1d8b3f-3207-4dbe-8c3e-fca0cd6eeb46": {
    "url": "db://assets/Prefabs",
    "value": {},
    "versionCode": 1
  },
  "dc84c6f1-f5e5-4b48-a0fd-335c005ddc72": {
    "url": "db://assets/Scripts/ButtonGroup",
    "value": {},
    "versionCode": 1
  },
  "65a0cc87-ea18-4d21-805f-a43bcb6b4926": {
    "url": "db://assets/Scripts/Level",
    "value": {},
    "versionCode": 1
  },
  "a95d64a4-d3be-4c90-a401-9813745d11ae": {
    "url": "db://assets/Scripts/Play",
    "value": {},
    "versionCode": 1
  },
  "35dc43d4-12e8-45cf-99fb-1262bbca6b54": {
    "url": "db://assets/Scripts/ButtonGroup/ButtonGroup.ts",
    "value": {},
    "versionCode": 1
  },
  "1a13cc61-d330-4ea1-bbb1-de9edb81ad8d": {
    "url": "db://assets/Scripts/Level/LevelCtrl.ts",
    "value": {},
    "versionCode": 1
  },
  "8f384521-cbb3-4a25-891b-61bff413cd1f": {
    "url": "db://assets/Scripts/Play/PlayCtr.ts",
    "value": {},
    "versionCode": 1
  },
  "6db03265-0cf9-4a54-973b-ad3c886fff8b": {
    "url": "db://assets/Prefabs/Btn_Level.prefab",
    "value": {
      "depends": [
        "20835ba4-6145-4fbc-a58a-051ce700aa3e@f9941",
        "544e49d6-3f05-4fa8-9a9e-091f98fc2ce8@f9941",
        "951249e0-9f16-456d-8b85-a6ca954da16b@f9941"
      ],
      "dependScripts": []
    },
    "versionCode": 1
  },
  "1bbe8913-fd0b-4709-b584-b1b067769c0c": {
    "url": "db://assets/Scenes/play.scene",
    "value": {
      "depends": [
        "1bbe8913-fd0b-4709-b584-b1b067769c0c",
        "20835ba4-6145-4fbc-a58a-051ce700aa3e@f9941",
        "544e49d6-3f05-4fa8-9a9e-091f98fc2ce8@f9941",
        "951249e0-9f16-456d-8b85-a6ca954da16b@f9941",
        "24a704da-2867-446d-8d1a-5e920c75e09d@f9941",
        "9fd900dd-221b-4f89-8f2c-fba34243c835@f9941",
        "bd0d8380-dbd7-47f3-ba38-fa880f259f96@f9941"
      ],
      "dependScripts": [
        "8f384521-cbb3-4a25-891b-61bff413cd1f",
        "35dc43d4-12e8-45cf-99fb-1262bbca6b54",
        "7e257252-05f2-4307-b760-78914f72271d"
      ]
    },
    "versionCode": 1
  },
  "f637e2c5-993f-4c71-9fef-20d30e418103": {
    "url": "db://assets/GameRes/Pipe",
    "value": {},
    "versionCode": 1
  },
  "320a9e04-d1b9-4ec1-a4b7-42c16f91ae49": {
    "url": "db://assets/GameRes/Pipe/Obstacles-Piller.png",
    "value": {
      "depends": []
    },
    "versionCode": 1
  },
  "320a9e04-d1b9-4ec1-a4b7-42c16f91ae49@6c48a": {
    "url": "db://assets/GameRes/Pipe/Obstacles-Piller.png@6c48a",
    "value": {
      "depends": [
        "320a9e04-d1b9-4ec1-a4b7-42c16f91ae49"
      ]
    },
    "versionCode": 1
  },
  "320a9e04-d1b9-4ec1-a4b7-42c16f91ae49@f9941": {
    "url": "db://assets/GameRes/Pipe/Obstacles-Piller.png@f9941",
    "value": {
      "depends": [
        "320a9e04-d1b9-4ec1-a4b7-42c16f91ae49@6c48a"
      ]
    },
    "versionCode": 1
  },
  "87d60856-218e-4286-8f18-719e5d9b1f4f": {
    "url": "db://assets/GameRes/Pipe/Obstacles-Piller-up.png",
    "value": {
      "depends": []
    },
    "versionCode": 1
  },
  "87d60856-218e-4286-8f18-719e5d9b1f4f@6c48a": {
    "url": "db://assets/GameRes/Pipe/Obstacles-Piller-up.png@6c48a",
    "value": {
      "depends": [
        "87d60856-218e-4286-8f18-719e5d9b1f4f"
      ]
    },
    "versionCode": 1
  },
  "87d60856-218e-4286-8f18-719e5d9b1f4f@f9941": {
    "url": "db://assets/GameRes/Pipe/Obstacles-Piller-up.png@f9941",
    "value": {
      "depends": [
        "87d60856-218e-4286-8f18-719e5d9b1f4f@6c48a"
      ]
    },
    "versionCode": 1
  },
  "1a975218-abae-448a-81de-4bcadfcf34d2": {
    "url": "db://assets/Scripts/Play/Pipe.ts",
    "value": {},
    "versionCode": 1
  },
  "615f7723-50a1-455b-892c-ac8feafd30c3": {
    "url": "db://assets/Prefabs/Pipe.prefab",
    "value": {},
    "versionCode": 1
  },
  "7e257252-05f2-4307-b760-78914f72271d": {
    "url": "db://assets/Scripts/Play/PipePool.ts",
    "value": {},
    "versionCode": 1
  },
  "570f202e-e798-4252-8553-59a9583a5551": {
    "url": "db://assets/Prefabs/Pipe.prefab",
    "value": {},
    "versionCode": 1
  },
  "e0ecc6ff-e547-4926-813f-d71750e0115e": {
    "url": "db://assets/Prefabs/Level.prefab",
    "value": {},
    "versionCode": 1
  },
  "b9f53005-b92f-485d-8b6d-e4931ac63d2e": {
    "url": "db://assets/Prefabs/Level.prefab",
    "value": {
      "depends": [
        "320a9e04-d1b9-4ec1-a4b7-42c16f91ae49@f9941"
      ],
      "dependScripts": [
        "1a975218-abae-448a-81de-4bcadfcf34d2"
      ]
    },
    "versionCode": 1
  }
}
