{
  "version": "1.0.0",
  "map": {
    "D:\\Minhman\\Cocos\\Cocos_week2\\assets\\Animations.meta": {
      "time": 1738897310256.4453
    },
    "D:\\Minhman\\Cocos\\Cocos_week2\\assets\\Animations": {
      "time": 1738897310250.4468,
      "uuid": "cb77ee07-8556-467f-8362-280515199ad3"
    },
    "D:\\Minhman\\Cocos\\Cocos_week2\\assets\\Scripts.meta": {
      "time": 1738897316384.9707
    },
    "D:\\Minhman\\Cocos\\Cocos_week2\\assets\\Scripts": {
      "time": 1739150498867.5867,
      "uuid": "92a38b24-e8bd-465b-a32c-d082a9380d1c"
    },
    "D:\\Minhman\\Cocos\\Cocos_week2\\assets\\GameRes.meta": {
      "time": 1738897322239.9983
    },
    "D:\\Minhman\\Cocos\\Cocos_week2\\assets\\GameRes": {
      "time": 1739150843212.6956,
      "uuid": "228b58a0-095d-4e93-95df-6996f2c82446"
    },
    "D:\\Minhman\\Cocos\\Cocos_week2\\assets\\GameRes\\Audio.meta": {
      "time": 1738897327607.8674
    },
    "D:\\Minhman\\Cocos\\Cocos_week2\\assets\\GameRes\\Audio": {
      "time": 1738897327602.7402,
      "uuid": "d6da9fc7-00f0-4a3c-b0c4-2fce8ff61368"
    },
    "D:\\Minhman\\Cocos\\Cocos_week2\\assets\\GameRes\\Background.meta": {
      "time": 1738897347140.0789
    },
    "D:\\Minhman\\Cocos\\Cocos_week2\\assets\\GameRes\\Background": {
      "time": 1738911593849.8313,
      "uuid": "78e9fa65-6440-4483-a84b-f5aefb83d820"
    },
    "D:\\Minhman\\Cocos\\Cocos_week2\\assets\\Scenes.meta": {
      "time": 1738897417404.4336
    },
    "D:\\Minhman\\Cocos\\Cocos_week2\\assets\\Scenes": {
      "time": 1739150498842.0962,
      "uuid": "fef5b17f-edd6-47f3-8cb4-92c1d180f16a"
    },
    "D:\\Minhman\\Cocos\\Cocos_week2\\assets\\GameRes\\Bird.meta": {
      "time": 1738898342910.2808
    },
    "D:\\Minhman\\Cocos\\Cocos_week2\\assets\\GameRes\\Bird": {
      "time": 1738911632550.4524,
      "uuid": "9e19bcb1-da39-475e-a0e0-eb711231bd4f"
    },
    "D:\\Minhman\\Cocos\\Cocos_week2\\assets\\GameRes\\Coin.meta": {
      "time": 1738909080006.8137
    },
    "D:\\Minhman\\Cocos\\Cocos_week2\\assets\\GameRes\\Coin": {
      "time": 1738911402775.6987,
      "uuid": "7cfe9959-8c7a-47c5-8c11-ee812e97d6b5"
    },
    "D:\\Minhman\\Cocos\\Cocos_week2\\assets\\GameRes\\Bird\\bird_yellow_01.png.meta": {
      "time": 1738911553706.9443
    },
    "D:\\Minhman\\Cocos\\Cocos_week2\\assets\\GameRes\\Bird\\bird_yellow_03.png.meta": {
      "time": 1738911553916.442
    },
    "D:\\Minhman\\Cocos\\Cocos_week2\\assets\\GameRes\\Bird\\bird_yellow_02.png.meta": {
      "time": 1738911553923.4236
    },
    "D:\\Minhman\\Cocos\\Cocos_week2\\assets\\GameRes\\Bird\\bird_yellow_04.png.meta": {
      "time": 1738911553935.3955
    },
    "D:\\Minhman\\Cocos\\Cocos_week2\\assets\\GameRes\\Bird\\bird_yellow_06.png.meta": {
      "time": 1738911553937.3906
    },
    "D:\\Minhman\\Cocos\\Cocos_week2\\assets\\GameRes\\Bird\\bird_yellow_05.png.meta": {
      "time": 1738911553927.417
    },
    "D:\\Minhman\\Cocos\\Cocos_week2\\assets\\GameRes\\Bird\\bird_yellow_01.png": {
      "time": 1598521072419.2605,
      "uuid": "3f0e232d-87ab-47c0-94a1-7903677f952a"
    },
    "D:\\Minhman\\Cocos\\Cocos_week2\\assets\\GameRes\\Bird\\bird_yellow_03.png": {
      "time": 1598521072419.2605,
      "uuid": "895230e5-830c-48d9-b51f-7f22508582d3"
    },
    "D:\\Minhman\\Cocos\\Cocos_week2\\assets\\GameRes\\Bird\\bird_yellow_02.png": {
      "time": 1598521072419.2605,
      "uuid": "b06ae1b3-494b-491a-abed-75c1c3a13e63"
    },
    "D:\\Minhman\\Cocos\\Cocos_week2\\assets\\GameRes\\Bird\\bird_yellow_05.png": {
      "time": 1598521072419.2605,
      "uuid": "b852c301-c079-43f5-aa3f-9f4e46546a6d"
    },
    "D:\\Minhman\\Cocos\\Cocos_week2\\assets\\GameRes\\Bird\\bird_yellow_04.png": {
      "time": 1598521072419.2605,
      "uuid": "1fb2ee27-a10e-4307-acc7-7e71157292bd"
    },
    "D:\\Minhman\\Cocos\\Cocos_week2\\assets\\GameRes\\Bird\\bird_yellow_06.png": {
      "time": 1598521072419.2605,
      "uuid": "821a3b37-3a9c-40ae-b915-7c38d4025d7b"
    },
    "D:\\Minhman\\Cocos\\Cocos_week2\\assets\\GameRes\\Bird\\red-bird.png.meta": {
      "time": 1738911572955.294
    },
    "D:\\Minhman\\Cocos\\Cocos_week2\\assets\\GameRes\\Bird\\red-bird.png": {
      "time": 1598521072421.2559,
      "uuid": "5aa39db9-1ecd-40ee-a423-cb09f99a3e66"
    },
    "D:\\Minhman\\Cocos\\Cocos_week2\\assets\\GameRes\\Bird\\skeleton-fly_00.png.meta": {
      "time": 1738911581540.4956
    },
    "D:\\Minhman\\Cocos\\Cocos_week2\\assets\\GameRes\\Bird\\skeleton-fly_02.png.meta": {
      "time": 1738911581616.538
    },
    "D:\\Minhman\\Cocos\\Cocos_week2\\assets\\GameRes\\Bird\\skeleton-fly_03.png.meta": {
      "time": 1738911581657.0034
    },
    "D:\\Minhman\\Cocos\\Cocos_week2\\assets\\GameRes\\Bird\\skeleton-fly_00.png": {
      "time": 1598521072421.2559,
      "uuid": "50595fd8-1a85-416b-aa31-b5a944d67232"
    },
    "D:\\Minhman\\Cocos\\Cocos_week2\\assets\\GameRes\\Bird\\skeleton-fly_02.png": {
      "time": 1598521072421.2559,
      "uuid": "a5ebd7ef-e0e0-4e4a-b866-ba1b8b5a8153"
    },
    "D:\\Minhman\\Cocos\\Cocos_week2\\assets\\GameRes\\Bird\\skeleton-fly_03.png": {
      "time": 1598521072421.2559,
      "uuid": "8bb5ca20-96fd-4348-a586-051a5df57005"
    },
    "D:\\Minhman\\Cocos\\Cocos_week2\\assets\\GameRes\\Bird\\skeleton-fly_01.png.meta": {
      "time": 1738911581861.776
    },
    "D:\\Minhman\\Cocos\\Cocos_week2\\assets\\GameRes\\Bird\\skeleton-fly_04.png.meta": {
      "time": 1738911581867.277
    },
    "D:\\Minhman\\Cocos\\Cocos_week2\\assets\\GameRes\\Bird\\skeleton-fly_05.png.meta": {
      "time": 1738911581915.3687
    },
    "D:\\Minhman\\Cocos\\Cocos_week2\\assets\\GameRes\\Bird\\skeleton-fly_06.png.meta": {
      "time": 1738911581896.4197
    },
    "D:\\Minhman\\Cocos\\Cocos_week2\\assets\\GameRes\\Bird\\skeleton-fly_07.png.meta": {
      "time": 1738911581886.4456
    },
    "D:\\Minhman\\Cocos\\Cocos_week2\\assets\\GameRes\\Bird\\skeleton-fly_08.png.meta": {
      "time": 1738911581944.2915
    },
    "D:\\Minhman\\Cocos\\Cocos_week2\\assets\\GameRes\\Bird\\skeleton-fly_09.png.meta": {
      "time": 1738911581968.7427
    },
    "D:\\Minhman\\Cocos\\Cocos_week2\\assets\\GameRes\\Bird\\skeleton-fly_10.png.meta": {
      "time": 1738911581962.2488
    },
    "D:\\Minhman\\Cocos\\Cocos_week2\\assets\\GameRes\\Bird\\skeleton-fly_01.png": {
      "time": 1598521072421.2559,
      "uuid": "b5674a28-6f96-4ef4-843e-e842bd5a4e6a"
    },
    "D:\\Minhman\\Cocos\\Cocos_week2\\assets\\GameRes\\Bird\\skeleton-fly_04.png": {
      "time": 1598521072421.2559,
      "uuid": "85442424-08d9-42d0-8c71-88ac077e5c87"
    },
    "D:\\Minhman\\Cocos\\Cocos_week2\\assets\\GameRes\\Bird\\skeleton-fly_07.png": {
      "time": 1598521072421.2559,
      "uuid": "fc338bab-217c-4000-b19e-de7ed2aadc98"
    },
    "D:\\Minhman\\Cocos\\Cocos_week2\\assets\\GameRes\\Bird\\skeleton-fly_06.png": {
      "time": 1598521072421.2559,
      "uuid": "b23d1a73-cc46-4056-b4c8-0d84be70fdb0"
    },
    "D:\\Minhman\\Cocos\\Cocos_week2\\assets\\GameRes\\Bird\\skeleton-fly_05.png": {
      "time": 1598521072421.2559,
      "uuid": "c5645819-53f3-47a6-b54d-68d70336ac93"
    },
    "D:\\Minhman\\Cocos\\Cocos_week2\\assets\\GameRes\\Bird\\skeleton-fly_08.png": {
      "time": 1598521072421.2559,
      "uuid": "9910b043-12f2-4a68-9f21-b8595271713c"
    },
    "D:\\Minhman\\Cocos\\Cocos_week2\\assets\\GameRes\\Bird\\skeleton-fly_10.png": {
      "time": 1598521072422.2534,
      "uuid": "f6ebe787-bd84-4841-bfc5-abbf77056106"
    },
    "D:\\Minhman\\Cocos\\Cocos_week2\\assets\\GameRes\\Bird\\skeleton-fly_09.png": {
      "time": 1598521072422.2534,
      "uuid": "41b83ef1-1bc3-4859-aaf6-b71dc60c59e5"
    },
    "D:\\Minhman\\Cocos\\Cocos_week2\\assets\\GameRes\\Background\\Sky.png.meta": {
      "time": 1738911594071.2808
    },
    "D:\\Minhman\\Cocos\\Cocos_week2\\assets\\GameRes\\Background\\Sky.png": {
      "time": 1598521072442.714,
      "uuid": "bd0d8380-dbd7-47f3-ba38-fa880f259f96"
    },
    "D:\\Minhman\\Cocos\\Cocos_week2\\assets\\GameRes\\Title.meta": {
      "time": 1738911604584.995
    },
    "D:\\Minhman\\Cocos\\Cocos_week2\\assets\\GameRes\\Title": {
      "time": 1738911609363.0872,
      "uuid": "b21978ab-bf94-4062-87f6-a7e9e9ba64fe"
    },
    "D:\\Minhman\\Cocos\\Cocos_week2\\assets\\GameRes\\Title\\Title.png.meta": {
      "time": 1738911609441.4043
    },
    "D:\\Minhman\\Cocos\\Cocos_week2\\assets\\GameRes\\Title\\Title.png": {
      "time": 1598521072424.2476,
      "uuid": "45e4d6a8-5bc4-47a8-a688-0162b52d69ce"
    },
    "D:\\Minhman\\Cocos\\Cocos_week2\\assets\\GameRes\\Bird\\bird_blue_01.png.meta": {
      "time": 1738911632592.339
    },
    "D:\\Minhman\\Cocos\\Cocos_week2\\assets\\GameRes\\Bird\\bird_blue_04.png.meta": {
      "time": 1738911632729.5269
    },
    "D:\\Minhman\\Cocos\\Cocos_week2\\assets\\GameRes\\Bird\\bird_blue_02.png.meta": {
      "time": 1738911632797.491
    },
    "D:\\Minhman\\Cocos\\Cocos_week2\\assets\\GameRes\\Bird\\bird_blue_03.png.meta": {
      "time": 1738911632800.4937
    },
    "D:\\Minhman\\Cocos\\Cocos_week2\\assets\\GameRes\\Bird\\bird_blue_01.png": {
      "time": 1598521072414.284,
      "uuid": "1ff622ef-91f0-41fd-82a0-e6120f3fd9b7"
    },
    "D:\\Minhman\\Cocos\\Cocos_week2\\assets\\GameRes\\Bird\\bird_blue_04.png": {
      "time": 1598521072415.287,
      "uuid": "3d162fdf-7f90-4c9a-bfbb-eb3af512b1df"
    },
    "D:\\Minhman\\Cocos\\Cocos_week2\\assets\\GameRes\\Bird\\bird_blue_02.png": {
      "time": 1598521072414.284,
      "uuid": "d12ff478-838c-468b-bd7c-c2bed6faa5dc"
    },
    "D:\\Minhman\\Cocos\\Cocos_week2\\assets\\GameRes\\Bird\\bird_blue_03.png": {
      "time": 1598521072414.284,
      "uuid": "e2cb16c3-5bdc-4abe-9968-b9921e56ae4a"
    },
    "D:\\Minhman\\Cocos\\Cocos_week2\\assets\\Scenes\\scene.scene.meta": {
      "time": 1738915156862.505
    },
    "D:\\Minhman\\Cocos\\Cocos_week2\\assets\\Scenes\\scene.scene": {
      "time": 1738919541962.852,
      "uuid": "e4b2026a-cdad-42d6-adaf-6361eca3bb34"
    },
    "D:\\Minhman\\Cocos\\Cocos_week2\\assets\\Scenes\\shopping.scene.meta": {
      "time": 1738916446846.1895
    },
    "D:\\Minhman\\Cocos\\Cocos_week2\\assets\\Scenes\\shopping.scene": {
      "time": 1739182421781.1587,
      "uuid": "dbc98e93-b1c9-41cf-88fe-e60e9df5ee3f"
    },
    "D:\\Minhman\\Cocos\\Cocos_week2\\assets\\Scenes\\level.scene.meta": {
      "time": 1738918600942.5525
    },
    "D:\\Minhman\\Cocos\\Cocos_week2\\assets\\Scenes\\level.scene": {
      "time": 1739150498835.8396,
      "uuid": "612c919c-7601-4a4c-a1c2-4d169a49cfbe"
    },
    "D:\\Minhman\\Cocos\\Cocos_week2\\assets\\Scripts\\Home.meta": {
      "time": 1738918943750.369
    },
    "D:\\Minhman\\Cocos\\Cocos_week2\\assets\\Scripts\\Home": {
      "time": 1738918990866.488,
      "uuid": "18ea8a40-f595-421a-bf96-c03149cb5812"
    },
    "D:\\Minhman\\Cocos\\Cocos_week2\\assets\\Scripts\\Home\\HomeCtr.ts.meta": {
      "time": 1738918990870.4783
    },
    "D:\\Minhman\\Cocos\\Cocos_week2\\assets\\Scripts\\Home\\HomeCtr.ts": {
      "time": 1738919696067.2458,
      "uuid": "e6837ae7-3cfe-4a49-9e3f-f2c25e977928"
    },
    "D:\\Minhman\\Cocos\\Cocos_week2\\assets\\Scripts\\Shopping.meta": {
      "time": 1738919814517.6677
    },
    "D:\\Minhman\\Cocos\\Cocos_week2\\assets\\Scripts\\Shopping": {
      "time": 1739150498874.432,
      "uuid": "c72b7fac-a930-4289-8ec7-717e52e16c3a"
    },
    "D:\\Minhman\\Cocos\\Cocos_week2\\assets\\Scripts\\Shopping\\ShoppingCtr.ts.meta": {
      "time": 1738919822488.51
    },
    "D:\\Minhman\\Cocos\\Cocos_week2\\assets\\Scripts\\Shopping\\ShoppingCtr.ts": {
      "time": 1739154143438.8887,
      "uuid": "e4659568-aa85-4c9a-ba06-1a011d7f6b95"
    },
    "D:\\Minhman\\Cocos\\Cocos_week2\\assets\\Prefabs": {
      "time": 1739175697034.1968,
      "uuid": "bd1d8b3f-3207-4dbe-8c3e-fca0cd6eeb46"
    },
    "D:\\Minhman\\Cocos\\Cocos_week2\\assets\\Scripts\\ButtonGroup": {
      "time": 1739150498851.1836,
      "uuid": "dc84c6f1-f5e5-4b48-a0fd-335c005ddc72"
    },
    "D:\\Minhman\\Cocos\\Cocos_week2\\assets\\Scripts\\Level": {
      "time": 1739150498862.0278,
      "uuid": "65a0cc87-ea18-4d21-805f-a43bcb6b4926"
    },
    "D:\\Minhman\\Cocos\\Cocos_week2\\assets\\Scripts\\Play": {
      "time": 1739157049412.2217,
      "uuid": "a95d64a4-d3be-4c90-a401-9813745d11ae"
    },
    "D:\\Minhman\\Cocos\\Cocos_week2\\assets\\Scripts\\ButtonGroup\\ButtonGroup.ts": {
      "time": 1739168124094.6445,
      "uuid": "35dc43d4-12e8-45cf-99fb-1262bbca6b54"
    },
    "D:\\Minhman\\Cocos\\Cocos_week2\\assets\\Scripts\\Level\\LevelCtrl.ts": {
      "time": 1739164196015.8865,
      "uuid": "1a13cc61-d330-4ea1-bbb1-de9edb81ad8d"
    },
    "D:\\Minhman\\Cocos\\Cocos_week2\\assets\\Scripts\\Play\\PlayCtr.ts": {
      "time": 1739181011036.1711,
      "uuid": "8f384521-cbb3-4a25-891b-61bff413cd1f"
    },
    "D:\\Minhman\\Cocos\\Cocos_week2\\assets\\Prefabs.meta": {
      "time": 1739150498824.42
    },
    "D:\\Minhman\\Cocos\\Cocos_week2\\assets\\Scripts\\ButtonGroup.meta": {
      "time": 1739150498845.9387
    },
    "D:\\Minhman\\Cocos\\Cocos_week2\\assets\\Scripts\\Level.meta": {
      "time": 1739150498858.1333
    },
    "D:\\Minhman\\Cocos\\Cocos_week2\\assets\\Scripts\\Play.meta": {
      "time": 1739150498865.5918
    },
    "D:\\Minhman\\Cocos\\Cocos_week2\\assets\\Scripts\\ButtonGroup\\ButtonGroup.ts.meta": {
      "time": 1739150498854.1453
    },
    "D:\\Minhman\\Cocos\\Cocos_week2\\assets\\Scripts\\Level\\LevelCtrl.ts.meta": {
      "time": 1739150498863.5154
    },
    "D:\\Minhman\\Cocos\\Cocos_week2\\assets\\Scripts\\Play\\PlayCtr.ts.meta": {
      "time": 1739150498873.788
    },
    "D:\\Minhman\\Cocos\\Cocos_week2\\assets\\Prefabs\\Btn_Level.prefab": {
      "time": 1739150498828.3484,
      "uuid": "6db03265-0cf9-4a54-973b-ad3c886fff8b"
    },
    "D:\\Minhman\\Cocos\\Cocos_week2\\assets\\Scenes\\play.scene": {
      "time": 1739181416778.354,
      "uuid": "1bbe8913-fd0b-4709-b584-b1b067769c0c"
    },
    "D:\\Minhman\\Cocos\\Cocos_week2\\assets\\Prefabs\\Btn_Level.prefab.meta": {
      "time": 1739150498830.675
    },
    "D:\\Minhman\\Cocos\\Cocos_week2\\assets\\Scenes\\play.scene.meta": {
      "time": 1739150498842.0962
    },
    "D:\\Minhman\\Cocos\\Cocos_week2\\assets\\GameRes\\Pipe.meta": {
      "time": 1739150843215.1228
    },
    "D:\\Minhman\\Cocos\\Cocos_week2\\assets\\GameRes\\Pipe": {
      "time": 1739150862225.9412,
      "uuid": "f637e2c5-993f-4c71-9fef-20d30e418103"
    },
    "D:\\Minhman\\Cocos\\Cocos_week2\\assets\\GameRes\\Pipe\\Obstacles-Piller.png.meta": {
      "time": 1739150847383.8987
    },
    "D:\\Minhman\\Cocos\\Cocos_week2\\assets\\GameRes\\Pipe\\Obstacles-Piller.png": {
      "time": 1598521072414.284,
      "uuid": "320a9e04-d1b9-4ec1-a4b7-42c16f91ae49"
    },
    "D:\\Minhman\\Cocos\\Cocos_week2\\assets\\GameRes\\Pipe\\Obstacles-Piller-up.png.meta": {
      "time": 1739150862382.5388
    },
    "D:\\Minhman\\Cocos\\Cocos_week2\\assets\\GameRes\\Pipe\\Obstacles-Piller-up.png": {
      "time": 1598521072414.284,
      "uuid": "87d60856-218e-4286-8f18-719e5d9b1f4f"
    },
    "D:\\Minhman\\Cocos\\Cocos_week2\\assets\\Scripts\\Play\\Pipe.ts.meta": {
      "time": 1739154257126.4285
    },
    "D:\\Minhman\\Cocos\\Cocos_week2\\assets\\Scripts\\Play\\Pipe.ts": {
      "time": 1739176922678.8323,
      "uuid": "1a975218-abae-448a-81de-4bcadfcf34d2"
    },
    "D:\\Minhman\\Cocos\\Cocos_week2\\assets\\Scripts\\Play\\PipePool.ts.meta": {
      "time": 1739157049417.7188
    },
    "D:\\Minhman\\Cocos\\Cocos_week2\\assets\\Scripts\\Play\\PipePool.ts": {
      "time": 1739176413351.261,
      "uuid": "7e257252-05f2-4307-b760-78914f72271d"
    },
    "D:\\Minhman\\Cocos\\Cocos_week2\\assets\\Prefabs\\Level.prefab.meta": {
      "time": 1739175697050.3733
    },
    "D:\\Minhman\\Cocos\\Cocos_week2\\assets\\Prefabs\\Level.prefab": {
      "time": 1739175697045.1626,
      "uuid": "b9f53005-b92f-485d-8b6d-e4931ac63d2e"
    }
  },
  "missing": {
    "d6da9fc7-00f0-4a3c-b0c4-2fce8ff61368": {
      "path": "D:\\Minhman\\Cocos\\Cocos_week2\\assets\\Audio",
      "time": 1738897327602.7402,
      "removeTime": 1738897337752
    },
    "1bfd3bbb-6293-45ab-af16-63a4cf6c094d": {
      "path": "D:\\Minhman\\Cocos\\Cocos_week2\\assets\\GameRes\\Sky.png",
      "time": 1598521072442.714,
      "removeTime": 1738898124125
    },
    "ed7880f2-4737-4510-98b4-3b00f6ae181c": {
      "path": "D:\\Minhman\\Cocos\\Cocos_week2\\assets\\Scripts\\ItemTemplate.ts",
      "time": 1738909394525.671,
      "removeTime": 1738909438329
    },
    "60d678bb-9d7c-4df3-a577-8daf98043385": {
      "path": "D:\\Minhman\\Cocos\\Cocos_week2\\assets\\Prefab\\Item.prefab",
      "time": 1738910341202.2295,
      "removeTime": 1738910394093
    },
    "6b133344-2b32-470c-bbab-dcda02aaf9df": {
      "path": "D:\\Minhman\\Cocos\\Cocos_week2\\assets\\Prefab\\Item.prefab",
      "time": 1738910502925.2869,
      "removeTime": 1738910519686
    },
    "5ea41181-a86e-4214-86e1-c8d41bbae6f0": {
      "path": "D:\\Minhman\\Cocos\\Cocos_week2\\assets\\GameRes\\Coin\\coin_01.png",
      "time": 1598521072419.2605,
      "removeTime": 1738911402810
    },
    "95eee9ad-4475-4806-bf08-c0753fee32ff": {
      "path": "D:\\Minhman\\Cocos\\Cocos_week2\\assets\\GameRes\\Bird\\yello-bird.png",
      "time": 1598521072422.2534,
      "removeTime": 1738911408445
    },
    "d3754729-fc51-42c0-b67c-72daf551e180": {
      "path": "D:\\Minhman\\Cocos\\Cocos_week2\\assets\\Prefab\\Item.prefab",
      "time": 1738911075206.6191,
      "removeTime": 1738911413949
    },
    "78112a60-8564-4890-9b95-41a015cd6913": {
      "path": "D:\\Minhman\\Cocos\\Cocos_week2\\assets\\Scripts\\GameCtr.ts",
      "time": 1738909377531.2456,
      "removeTime": 1738911422424
    },
    "3f03d50f-8c81-4b05-8a1f-45267955d6f7": {
      "path": "D:\\Minhman\\Cocos\\Cocos_week2\\assets\\Scripts\\ItemList.ts",
      "time": 1738910936057.7986,
      "removeTime": 1738911422425
    },
    "d85c8098-a9d6-4bfa-a9b4-19d9bdbc86fa": {
      "path": "D:\\Minhman\\Cocos\\Cocos_week2\\assets\\Scripts\\ItemTemplate.ts",
      "time": 1738910289063.4995,
      "removeTime": 1738911422654
    },
    "dffbee46-3867-4bcd-affc-779f6942fa97": {
      "path": "D:\\Minhman\\Cocos\\Cocos_week2\\assets\\Node.prefab",
      "time": 1738911841656.283,
      "removeTime": 1738911846206
    },
    "d70dd3bb-d5ae-4580-a3db-8eedb54823a6": {
      "path": "D:\\Minhman\\Cocos\\Cocos_week2\\assets\\Scripts\\ItemList.ts",
      "time": 1738912724516.7246,
      "removeTime": 1738912804803
    },
    "25ccd09e-9647-4e9b-a7f6-5a3259f6afff": {
      "path": "D:\\Minhman\\Cocos\\Cocos_week2\\assets\\Scripts\\ItemTemplate.ts",
      "time": 1738912130401.0496,
      "removeTime": 1738912804804
    },
    "4a15614e-ccdf-4405-8d55-4dd8157afa56": {
      "path": "D:\\Minhman\\Cocos\\Cocos_week2\\assets\\Prefab\\Item.prefab",
      "time": 1738912267797.5857,
      "removeTime": 1738912809440
    },
    "e4b2026a-cdad-42d6-adaf-6361eca3bb34": {
      "path": "D:\\Minhman\\Cocos\\Cocos_week2\\assets\\Scenes\\home.scene",
      "time": 1738915866381.2285,
      "removeTime": 1738916049756
    },
    "e4659568-aa85-4c9a-ba06-1a011d7f6b95": {
      "path": "D:\\Minhman\\Cocos\\Cocos_week2\\assets\\Scripts\\Shopping\\Shopping.ts",
      "time": 1738919822484.8752,
      "removeTime": 1738919837847
    },
    "2622799a-c381-44a2-ae23-2ad4fd03c731": {
      "path": "D:\\Minhman\\Cocos\\Cocos_week2\\assets\\Prefab",
      "time": 1738912809322.5474,
      "removeTime": 1739150770120
    },
    "615f7723-50a1-455b-892c-ac8feafd30c3": {
      "path": "D:\\Minhman\\Cocos\\Cocos_week2\\assets\\Prefabs\\Pipe.prefab",
      "time": 1739159045970.4429,
      "removeTime": 1739159150324
    },
    "570f202e-e798-4252-8553-59a9583a5551": {
      "path": "D:\\Minhman\\Cocos\\Cocos_week2\\assets\\Prefabs\\Pipe.prefab",
      "time": 1739173621839.8413,
      "removeTime": 1739174604192
    },
    "e0ecc6ff-e547-4926-813f-d71750e0115e": {
      "path": "D:\\Minhman\\Cocos\\Cocos_week2\\assets\\Prefabs\\Level.prefab",
      "time": 1739175018846.1025,
      "removeTime": 1739175285072
    }
  }
}
