{
  "__type__": "cc.SpriteFrame",
  "content": {
    "name": "bird_yellow_05",
    "atlas": "",
    "rect": {
      "x": 17,
      "y": 34,
      "width": 205,
      "height": 183
    },
    "offset": {
      "x": 4.5,
      "y": -17
    },
    "originalSize": {
      "width": 230,
      "height": 217
    },
    "rotated": false,
    "capInsets": [
      0,
      0,
      0,
      0
    ],
    "vertices": {
      "rawPosition": [
        -102.5,
        -91.5,
        0,
        102.5,
        -91.5,
        0,
        -102.5,
        91.5,
        0,
        102.5,
        91.5,
        0
      ],
      "indexes": [
        0,
        1,
        2,
        2,
        1,
        3
      ],
      "uv": [
        17,
        183,
        222,
        183,
        17,
        0,
        222,
        0
      ],
      "nuv": [
        0.07391304347826087,
        0,
        0.9652173913043478,
        0,
        0.07391304347826087,
        0.8433179723502304,
        0.9652173913043478,
        0.8433179723502304
      ],
      "minPos": {
        "x": -102.5,
        "y": -91.5,
        "z": 0
      },
      "maxPos": {
        "x": 102.5,
        "y": 91.5,
        "z": 0
      }
    },
    "texture": "b852c301-c079-43f5-aa3f-9f4e46546a6d@6c48a",
    "packable": true,
    "pixelsToUnit": 100,
    "pivot": {
      "x": 0.5,
      "y": 0.5
    },
    "meshType": 0
  }
}