{
  "__type__": "cc.SpriteFrame",
  "content": {
    "name": "skeleton-fly_08",
    "atlas": "",
    "rect": {
      "x": 15,
      "y": 18,
      "width": 174,
      "height": 152
    },
    "offset": {
      "x": 7,
      "y": -0.5
    },
    "originalSize": {
      "width": 190,
      "height": 187
    },
    "rotated": false,
    "capInsets": [
      0,
      0,
      0,
      0
    ],
    "vertices": {
      "rawPosition": [
        -87,
        -76,
        0,
        87,
        -76,
        0,
        -87,
        76,
        0,
        87,
        76,
        0
      ],
      "indexes": [
        0,
        1,
        2,
        2,
        1,
        3
      ],
      "uv": [
        15,
        169,
        189,
        169,
        15,
        17,
        189,
        17
      ],
      "nuv": [
        0.07894736842105263,
        0.09090909090909091,
        0.9947368421052631,
        0.09090909090909091,
        0.07894736842105263,
        0.9037433155080213,
        0.9947368421052631,
        0.9037433155080213
      ],
      "minPos": {
        "x": -87,
        "y": -76,
        "z": 0
      },
      "maxPos": {
        "x": 87,
        "y": 76,
        "z": 0
      }
    },
    "texture": "9910b043-12f2-4a68-9f21-b8595271713c@6c48a",
    "packable": true,
    "pixelsToUnit": 100,
    "pivot": {
      "x": 0.5,
      "y": 0.5
    },
    "meshType": 0
  }
}