{
  "__type__": "cc.SpriteFrame",
  "content": {
    "name": "skeleton-fly_10",
    "atlas": "",
    "rect": {
      "x": 15,
      "y": 19,
      "width": 168,
      "height": 152
    },
    "offset": {
      "x": 4,
      "y": -1.5
    },
    "originalSize": {
      "width": 190,
      "height": 187
    },
    "rotated": false,
    "capInsets": [
      0,
      0,
      0,
      0
    ],
    "vertices": {
      "rawPosition": [
        -84,
        -76,
        0,
        84,
        -76,
        0,
        -84,
        76,
        0,
        84,
        76,
        0
      ],
      "indexes": [
        0,
        1,
        2,
        2,
        1,
        3
      ],
      "uv": [
        15,
        168,
        183,
        168,
        15,
        16,
        183,
        16
      ],
      "nuv": [
        0.07894736842105263,
        0.0855614973262032,
        0.9631578947368421,
        0.0855614973262032,
        0.07894736842105263,
        0.8983957219251337,
        0.9631578947368421,
        0.8983957219251337
      ],
      "minPos": {
        "x": -84,
        "y": -76,
        "z": 0
      },
      "maxPos": {
        "x": 84,
        "y": 76,
        "z": 0
      }
    },
    "texture": "f6ebe787-bd84-4841-bfc5-abbf77056106@6c48a",
    "packable": true,
    "pixelsToUnit": 100,
    "pivot": {
      "x": 0.5,
      "y": 0.5
    },
    "meshType": 0
  }
}