{
  "__type__": "cc.SpriteFrame",
  "content": {
    "name": "bird_blue_03",
    "atlas": "",
    "rect": {
      "x": 3,
      "y": 2,
      "width": 283,
      "height": 240
    },
    "offset": {
      "x": 1,
      "y": 0
    },
    "originalSize": {
      "width": 287,
      "height": 244
    },
    "rotated": false,
    "capInsets": [
      0,
      0,
      0,
      0
    ],
    "vertices": {
      "rawPosition": [
        -141.5,
        -120,
        0,
        141.5,
        -120,
        0,
        -141.5,
        120,
        0,
        141.5,
        120,
        0
      ],
      "indexes": [
        0,
        1,
        2,
        2,
        1,
        3
      ],
      "uv": [
        3,
        242,
        286,
        242,
        3,
        2,
        286,
        2
      ],
      "nuv": [
        0.010452961672473868,
        0.00819672131147541,
        0.9965156794425087,
        0.00819672131147541,
        0.010452961672473868,
        0.9918032786885246,
        0.9965156794425087,
        0.9918032786885246
      ],
      "minPos": {
        "x": -141.5,
        "y": -120,
        "z": 0
      },
      "maxPos": {
        "x": 141.5,
        "y": 120,
        "z": 0
      }
    },
    "texture": "e2cb16c3-5bdc-4abe-9968-b9921e56ae4a@6c48a",
    "packable": true,
    "pixelsToUnit": 100,
    "pivot": {
      "x": 0.5,
      "y": 0.5
    },
    "meshType": 0
  }
}