{
  "__type__": "cc.SpriteFrame",
  "content": {
    "name": "skeleton-fly_07",
    "atlas": "",
    "rect": {
      "x": 15,
      "y": 17,
      "width": 174,
      "height": 152
    },
    "offset": {
      "x": 7,
      "y": 0.5
    },
    "originalSize": {
      "width": 190,
      "height": 187
    },
    "rotated": false,
    "capInsets": [
      0,
      0,
      0,
      0
    ],
    "vertices": {
      "rawPosition": [
        -87,
        -76,
        0,
        87,
        -76,
        0,
        -87,
        76,
        0,
        87,
        76,
        0
      ],
      "indexes": [
        0,
        1,
        2,
        2,
        1,
        3
      ],
      "uv": [
        15,
        170,
        189,
        170,
        15,
        18,
        189,
        18
      ],
      "nuv": [
        0.07894736842105263,
        0.0962566844919786,
        0.9947368421052631,
        0.0962566844919786,
        0.07894736842105263,
        0.9090909090909091,
        0.9947368421052631,
        0.9090909090909091
      ],
      "minPos": {
        "x": -87,
        "y": -76,
        "z": 0
      },
      "maxPos": {
        "x": 87,
        "y": 76,
        "z": 0
      }
    },
    "texture": "fc338bab-217c-4000-b19e-de7ed2aadc98@6c48a",
    "packable": true,
    "pixelsToUnit": 100,
    "pivot": {
      "x": 0.5,
      "y": 0.5
    },
    "meshType": 0
  }
}