{
  "__type__": "cc.SpriteFrame",
  "content": {
    "name": "red-bird",
    "atlas": "",
    "rect": {
      "x": 0,
      "y": 0,
      "width": 299,
      "height": 221
    },
    "offset": {
      "x": 0,
      "y": 0
    },
    "originalSize": {
      "width": 299,
      "height": 221
    },
    "rotated": false,
    "capInsets": [
      0,
      0,
      0,
      0
    ],
    "vertices": {
      "rawPosition": [
        -149.5,
        -110.5,
        0,
        149.5,
        -110.5,
        0,
        -149.5,
        110.5,
        0,
        149.5,
        110.5,
        0
      ],
      "indexes": [
        0,
        1,
        2,
        2,
        1,
        3
      ],
      "uv": [
        0,
        221,
        299,
        221,
        0,
        0,
        299,
        0
      ],
      "nuv": [
        0,
        0,
        1,
        0,
        0,
        1,
        1,
        1
      ],
      "minPos": {
        "x": -149.5,
        "y": -110.5,
        "z": 0
      },
      "maxPos": {
        "x": 149.5,
        "y": 110.5,
        "z": 0
      }
    },
    "texture": "5aa39db9-1ecd-40ee-a423-cb09f99a3e66@6c48a",
    "packable": true,
    "pixelsToUnit": 100,
    "pivot": {
      "x": 0.5,
      "y": 0.5
    },
    "meshType": 0
  }
}